customer_id,age,gender,tenure_months,account_type,total_purchases,avg_purchase_value,days_since_last_purchase,website_visits_per_month,email_open_rate,customer_service_calls,satisfaction_score,promo_codes_used,loyalty_points,churned
CUST00001,56,Female,5,Standard,40,109.61,65,9,0.228,2,1,6,4375,0
CUST00002,69,Male,65,Premium,72,116.59,129,7,0.417,2,5,1,1185,0
CUST00003,46,Male,30,Basic,40,65.93,117,9,0.32,1,3,1,1910,0
CUST00004,32,Male,21,Premium,56,10.0,116,12,0.075,2,5,1,915,0
CUST00005,60,Male,70,Basic,104,64.16,105,4,0.229,1,1,4,1617,0
CUST00006,25,Male,22,Basic,139,73.07,3,11,0.553,5,4,6,1683,1
CUST00007,38,Male,32,Basic,110,44.68,46,7,0.267,3,1,3,2425,0
CUST00008,56,Male,33,Basic,136,59.54,55,10,0.201,1,5,3,425,0
CUST00009,36,Male,16,Standard,93,120.91,75,8,0.324,2,1,8,1787,0
CUST00010,40,Female,38,Basic,94,94.95,45,9,0.365,3,1,9,2584,0
CUST00011,28,Female,14,Basic,56,47.26,154,4,0.182,3,5,8,4648,1
CUST00012,28,Female,36,Premium,60,27.07,77,4,0.325,5,5,6,168,0
CUST00013,41,Female,23,Premium,138,65.19,24,11,0.201,1,4,9,514,0
CUST00014,53,Female,66,Premium,39,68.6,35,8,0.358,0,5,3,3435,0
CUST00015,57,Male,2,Premium,28,89.89,24,8,0.275,0,4,7,4525,0
CUST00016,41,Female,65,Standard,49,58.94,28,9,0.322,4,2,9,2616,0
CUST00017,20,Female,67,Basic,125,90.34,16,6,0.136,0,2,2,2377,1
CUST00018,39,Female,52,Basic,13,133.05,59,6,0.127,1,5,2,690,0
CUST00019,19,Male,62,Standard,36,99.47,144,7,0.392,1,1,6,3204,0
CUST00020,41,Male,23,Basic,101,73.56,15,5,0.238,2,3,8,2504,1
CUST00021,61,Male,26,Standard,26,69.51,11,7,0.293,1,1,3,352,0
CUST00022,47,Male,68,Basic,86,64.3,79,8,0.204,3,5,3,1117,1
CUST00023,55,Female,55,Basic,4,110.42,115,8,0.385,4,4,0,1405,0
CUST00024,19,Female,6,Standard,82,56.18,68,9,0.159,2,1,0,3939,0
CUST00025,38,Male,35,Standard,127,76.36,43,6,0.23,3,2,2,4174,1
CUST00026,50,Female,22,Standard,88,76.54,69,8,0.368,2,5,6,677,1
CUST00027,29,Female,43,Standard,127,59.95,141,11,0.426,2,1,8,550,0
CUST00028,39,Male,15,Basic,120,33.83,138,12,0.171,2,1,3,819,0
CUST00029,61,Male,60,Basic,22,84.69,75,7,0.544,2,4,1,213,0
CUST00030,42,Male,12,Premium,130,73.17,103,9,0.297,4,4,5,1666,0
CUST00031,66,Male,49,Standard,31,90.01,41,6,0.094,1,4,5,4764,0
CUST00032,44,Male,42,Basic,119,58.99,178,9,0.305,1,3,8,893,0
CUST00033,59,Male,38,Premium,11,111.62,59,5,0.193,1,5,3,4254,0
CUST00034,45,Male,45,Basic,46,48.7,39,13,0.315,5,5,7,4076,1
CUST00035,33,Male,35,Standard,96,126.36,3,12,0.244,4,2,2,3905,0
CUST00036,32,Female,30,Basic,10,22.57,7,8,0.261,1,2,1,2786,0
CUST00037,64,Male,30,Standard,128,88.04,49,8,0.113,2,5,8,2248,0
CUST00038,68,Female,6,Standard,99,89.26,26,5,0.399,4,1,5,21,1
CUST00039,61,Male,67,Basic,112,51.13,161,9,0.077,0,5,7,3313,0
CUST00040,69,Female,7,Premium,60,87.73,101,3,0.084,3,3,9,1261,0
CUST00041,20,Male,52,Standard,87,113.39,176,8,0.305,3,2,8,1172,0
CUST00042,54,Male,14,Basic,145,10.0,79,10,0.49,3,2,0,4880,0
CUST00043,68,Female,15,Basic,65,90.08,2,8,0.197,4,2,0,2054,0
CUST00044,24,Female,21,Basic,57,10.0,127,13,0.355,2,5,4,1892,0
CUST00045,38,Female,35,Basic,106,46.03,160,3,0.411,2,2,8,2815,1
CUST00046,26,Male,66,Standard,9,123.87,132,9,0.372,1,2,6,4674,0
CUST00047,56,Male,2,Premium,22,57.55,20,4,0.203,3,5,6,4584,0
CUST00048,35,Female,35,Standard,141,39.78,117,12,0.086,3,1,1,1787,0
CUST00049,21,Female,20,Basic,89,69.06,164,8,0.0,2,2,2,1990,1
CUST00050,42,Female,10,Basic,18,137.04,32,6,0.211,2,2,3,4317,0
CUST00051,31,Female,25,Basic,115,20.05,28,8,0.427,2,2,1,2460,1
CUST00052,67,Male,66,Standard,145,43.46,77,8,0.081,5,3,9,2631,0
CUST00053,26,Female,25,Standard,143,119.92,1,7,0.355,3,5,8,2268,0
CUST00054,43,Male,54,Basic,106,130.73,56,9,0.107,2,2,4,2176,0
CUST00055,19,Male,33,Standard,15,71.9,35,9,0.266,3,3,6,876,0
CUST00056,37,Male,36,Premium,63,37.83,112,6,0.356,4,1,8,3492,0
CUST00057,45,Female,14,Standard,13,137.88,30,5,0.151,3,1,4,4258,1
CUST00058,64,Male,65,Premium,81,122.83,54,7,0.276,1,3,5,954,0
CUST00059,24,Male,54,Standard,32,95.37,36,8,0.188,0,1,3,4119,0
CUST00060,61,Female,52,Standard,137,50.63,80,8,0.356,7,4,7,4288,0
CUST00061,25,Male,3,Standard,40,73.53,58,7,0.285,2,1,0,877,0
CUST00062,64,Female,41,Standard,148,70.19,83,8,0.258,4,4,0,4485,0
CUST00063,52,Male,6,Basic,82,84.93,65,5,0.484,0,3,4,2544,0
CUST00064,31,Female,25,Basic,77,118.53,69,12,0.349,1,4,9,2176,0
CUST00065,34,Female,13,Basic,76,101.38,128,7,0.146,2,1,8,2600,0
CUST00066,53,Male,8,Standard,38,42.68,51,10,0.237,1,2,1,3107,0
CUST00067,67,Male,21,Basic,71,116.29,22,5,0.239,0,4,2,3528,1
CUST00068,57,Male,68,Premium,48,84.39,107,8,0.262,1,1,7,2408,0
CUST00069,21,Male,25,Standard,18,95.61,109,6,0.629,1,2,4,4860,0
CUST00070,19,Female,68,Standard,144,119.0,116,6,0.306,0,3,2,1973,0
CUST00071,23,Male,45,Basic,39,41.65,101,11,0.0,2,3,5,3948,0
CUST00072,59,Female,60,Premium,89,73.93,100,10,0.169,3,5,5,1238,0
CUST00073,21,Male,12,Premium,62,59.06,164,9,0.0,2,3,4,2334,0
CUST00074,46,Female,32,Standard,141,27.96,68,9,0.201,8,5,4,767,0
CUST00075,35,Female,13,Basic,109,85.4,36,9,0.0,1,3,5,2416,0
CUST00076,43,Female,31,Standard,81,150.35,178,5,0.119,1,3,1,4994,0
CUST00077,61,Male,20,Basic,134,19.8,169,11,0.022,5,3,5,3545,0
CUST00078,51,Male,18,Basic,77,74.03,146,7,0.308,2,5,1,2309,0
CUST00079,27,Male,60,Standard,90,94.22,22,6,0.25,1,5,2,4883,0
CUST00080,53,Female,63,Standard,14,78.69,66,5,0.295,2,4,1,4206,0
CUST00081,31,Female,6,Standard,95,71.61,21,10,0.234,2,1,0,4236,0
CUST00082,48,Female,32,Premium,54,36.02,100,8,0.041,3,1,0,744,0
CUST00083,65,Male,43,Standard,132,81.98,128,10,0.327,3,1,8,2582,0
CUST00084,32,Female,2,Standard,39,52.3,44,9,0.538,1,3,3,4174,0
CUST00085,25,Female,60,Basic,72,10.0,103,10,0.311,1,1,4,1517,0
CUST00086,31,Male,23,Premium,25,110.84,47,9,0.186,4,5,9,2556,0
CUST00087,40,Male,31,Basic,77,103.75,39,9,0.036,3,4,6,4161,0
CUST00088,57,Female,5,Premium,120,76.55,29,11,0.114,2,2,1,3983,0
CUST00089,38,Female,34,Premium,53,81.87,54,10,0.318,3,4,9,1394,0
CUST00090,33,Female,10,Basic,131,107.23,90,7,0.411,3,1,8,286,0
CUST00091,62,Male,2,Standard,96,81.73,85,9,0.289,1,1,3,3247,1
CUST00092,35,Female,11,Premium,72,102.12,17,9,0.37,3,5,9,4218,0
CUST00093,64,Male,50,Standard,62,66.08,80,2,0.356,0,4,9,2602,0
CUST00094,41,Male,31,Premium,6,114.36,159,11,0.326,1,5,0,3,1
CUST00095,43,Male,56,Premium,32,84.62,73,9,0.151,3,5,7,411,0
CUST00096,42,Female,9,Standard,99,80.82,49,5,0.276,0,2,3,4345,0
CUST00097,62,Female,21,Basic,138,36.9,101,2,0.123,2,5,6,3727,1
CUST00098,58,Female,28,Premium,131,83.61,2,6,0.253,3,5,2,1917,0
CUST00099,46,Male,62,Standard,76,50.04,176,6,0.3,4,2,8,1356,0
CUST00100,32,Female,7,Basic,59,55.85,142,6,0.502,1,3,4,157,0
CUST00101,62,Male,16,Basic,31,50.54,59,8,0.054,3,3,4,1600,0
CUST00102,18,Female,4,Standard,93,43.01,97,7,0.322,0,2,2,2884,0
CUST00103,42,Male,4,Premium,69,138.74,99,7,0.472,1,5,8,3489,0
CUST00104,24,Male,40,Premium,52,114.94,103,6,0.364,1,1,2,2382,0
CUST00105,26,Male,17,Standard,89,132.61,179,8,0.375,3,4,1,152,1
CUST00106,41,Male,52,Basic,127,38.31,2,9,0.338,2,1,8,1629,0
CUST00107,18,Female,52,Basic,31,77.14,41,8,0.445,0,1,8,2796,1
CUST00108,61,Female,36,Premium,84,36.19,123,7,0.087,2,5,9,2881,0
CUST00109,25,Male,38,Basic,127,54.13,82,12,0.042,2,4,3,3802,0
CUST00110,41,Female,50,Basic,132,47.46,144,8,0.249,4,4,3,2805,1
CUST00111,28,Male,63,Basic,13,112.19,132,6,0.0,3,3,9,4080,0
CUST00112,68,Female,63,Standard,45,63.11,140,9,0.435,5,2,5,3470,0
CUST00113,34,Female,62,Premium,127,107.05,29,7,0.433,2,5,8,1055,0
CUST00114,25,Female,7,Basic,114,93.12,135,8,0.185,4,4,7,2579,0
CUST00115,52,Male,27,Standard,20,144.11,14,9,0.194,3,5,9,4148,1
CUST00116,52,Female,14,Standard,81,30.62,12,7,0.239,5,3,2,2765,0
CUST00117,50,Female,71,Premium,129,112.78,99,7,0.258,0,1,5,1328,1
CUST00118,22,Male,5,Basic,143,109.39,133,6,0.269,1,4,6,4044,0
CUST00119,59,Male,55,Standard,17,45.8,81,7,0.334,2,3,5,2392,0
CUST00120,56,Female,2,Basic,58,105.21,106,10,0.224,2,5,2,3153,0
CUST00121,58,Female,62,Premium,72,85.08,32,10,0.391,1,3,8,0,0
CUST00122,45,Female,21,Standard,109,68.18,74,7,0.317,3,3,3,166,0
CUST00123,24,Female,21,Basic,23,50.28,171,10,0.159,6,3,1,3254,0
CUST00124,26,Female,10,Standard,72,53.43,81,6,0.45,5,3,8,1885,0
CUST00125,25,Male,58,Standard,8,136.49,69,8,0.046,0,3,2,4368,0
CUST00126,29,Male,39,Basic,59,75.02,45,7,0.236,2,3,5,899,0
CUST00127,51,Male,5,Premium,111,98.46,106,7,0.395,0,2,4,2248,0
CUST00128,50,Female,65,Basic,13,51.27,137,8,0.142,3,5,1,3263,0
CUST00129,65,Male,13,Standard,16,51.6,177,9,0.296,1,1,0,3412,0
CUST00130,40,Female,53,Standard,119,107.46,161,9,0.332,4,5,8,3577,0
CUST00131,41,Female,45,Standard,2,34.51,100,10,0.121,2,4,2,2187,0
CUST00132,54,Female,32,Basic,145,62.54,146,7,0.239,3,4,6,1219,0
CUST00133,52,Male,36,Premium,30,76.02,9,4,0.227,0,5,8,3132,0
CUST00134,61,Female,60,Standard,103,78.34,62,6,0.167,2,3,8,359,0
CUST00135,57,Male,11,Standard,13,69.63,29,7,0.595,2,2,9,2039,0
CUST00136,39,Female,63,Standard,96,86.87,125,6,0.136,1,1,5,3937,1
CUST00137,44,Male,21,Standard,94,95.79,114,10,0.401,4,3,7,3154,0
CUST00138,52,Male,52,Basic,82,97.04,153,7,0.191,1,5,8,333,0
CUST00139,18,Female,55,Basic,13,45.43,143,15,0.087,1,5,2,730,0
CUST00140,52,Male,26,Premium,94,66.48,134,5,0.265,1,2,5,1497,1
CUST00141,54,Male,68,Basic,149,110.84,120,5,0.347,3,2,4,1417,0
CUST00142,64,Female,34,Standard,112,101.84,170,6,0.388,2,5,6,3763,0
CUST00143,31,Female,52,Premium,55,33.81,157,8,0.484,0,3,6,1743,0
CUST00144,20,Female,52,Basic,81,85.54,79,13,0.692,6,3,8,4116,0
CUST00145,18,Female,29,Standard,116,15.65,93,8,0.288,2,3,0,1973,0
CUST00146,22,Female,38,Standard,143,76.41,4,6,0.151,1,1,5,878,0
CUST00147,43,Male,42,Standard,108,131.93,82,13,0.318,1,1,4,4272,0
CUST00148,31,Male,21,Basic,53,46.56,177,5,0.21,4,3,3,2884,0
CUST00149,56,Male,42,Basic,128,49.97,172,7,0.389,4,5,9,3007,1
CUST00150,44,Female,13,Standard,57,97.92,75,6,0.055,2,2,0,2595,0
CUST00151,26,Female,64,Premium,52,28.72,14,6,0.605,5,4,3,2297,1
CUST00152,32,Male,17,Standard,137,56.02,131,7,0.378,1,2,9,660,0
CUST00153,32,Male,9,Standard,111,92.89,114,8,0.0,0,2,6,3144,0
CUST00154,43,Female,41,Basic,1,55.97,62,6,0.144,4,4,3,3162,0
CUST00155,59,Male,1,Standard,44,67.92,106,9,0.372,7,3,0,4221,0
CUST00156,30,Female,2,Basic,75,97.33,64,7,0.426,3,2,9,3985,1
CUST00157,68,Female,60,Premium,98,87.65,102,6,0.059,2,4,0,1269,1
CUST00158,49,Female,48,Premium,9,83.0,173,6,0.357,1,5,0,4706,0
CUST00159,56,Male,29,Standard,32,64.83,106,6,0.0,2,5,9,1294,0
CUST00160,66,Female,10,Premium,15,86.1,20,5,0.237,1,5,4,1009,1
CUST00161,69,Female,58,Basic,140,71.29,58,7,0.417,1,3,6,2091,0
CUST00162,49,Female,60,Standard,136,88.73,112,4,0.167,3,2,8,1757,0
CUST00163,21,Female,21,Basic,72,60.09,57,12,0.024,3,2,7,1964,0
CUST00164,47,Female,28,Premium,12,69.52,119,6,0.272,6,1,1,4643,0
CUST00165,54,Female,34,Basic,65,45.3,97,10,0.159,3,5,8,1191,0
CUST00166,40,Male,8,Standard,107,73.95,92,4,0.344,1,3,3,1053,1
CUST00167,56,Female,59,Premium,42,50.67,52,8,0.117,4,4,9,2841,1
CUST00168,62,Female,49,Basic,115,41.58,37,2,0.134,3,3,4,2404,1
CUST00169,32,Male,17,Basic,139,82.76,8,6,0.0,2,2,4,3562,1
CUST00170,60,Female,60,Standard,103,81.38,44,9,0.275,7,5,3,3704,0
CUST00171,46,Female,45,Standard,95,98.49,98,6,0.226,1,1,5,1822,0
CUST00172,53,Female,69,Basic,17,62.07,133,10,0.072,0,3,0,1271,0
CUST00173,30,Male,32,Basic,85,87.24,118,6,0.279,1,1,1,1719,0
CUST00174,49,Male,44,Basic,56,91.52,69,8,0.404,2,2,3,252,1
CUST00175,24,Female,65,Premium,134,88.34,159,3,0.218,5,4,3,2768,1
CUST00176,68,Female,8,Standard,86,50.23,45,5,0.29,1,3,7,1559,0
CUST00177,39,Male,43,Basic,102,79.48,137,11,0.291,2,2,8,736,1
CUST00178,45,Female,1,Basic,54,85.92,32,9,0.069,1,5,3,4995,0
CUST00179,19,Female,51,Basic,115,75.22,33,7,0.558,2,3,5,1928,0
CUST00180,59,Female,24,Basic,139,12.41,126,8,0.179,1,1,3,2190,0
CUST00181,62,Female,24,Standard,88,79.81,67,4,0.348,0,3,3,1002,0
CUST00182,23,Male,17,Basic,49,141.38,30,12,0.365,1,2,8,2985,1
CUST00183,45,Male,5,Basic,149,64.2,114,11,0.229,4,2,3,1922,0
CUST00184,45,Male,20,Standard,115,53.16,29,6,0.341,0,1,5,3752,0
CUST00185,61,Female,21,Basic,63,86.2,131,9,0.287,2,2,8,4137,0
CUST00186,61,Male,58,Standard,104,84.37,30,14,0.037,3,3,2,3702,0
CUST00187,37,Male,31,Standard,83,110.78,137,8,0.2,1,1,6,3192,1
CUST00188,47,Male,11,Standard,103,37.26,154,8,0.158,2,2,6,3834,0
CUST00189,28,Female,52,Standard,17,96.94,130,6,0.181,3,2,0,4438,0
CUST00190,45,Female,15,Standard,6,92.71,62,8,0.054,4,3,1,4427,0
CUST00191,42,Male,7,Premium,147,70.74,3,6,0.419,3,2,4,3527,0
CUST00192,56,Male,28,Standard,28,85.16,174,11,0.49,5,3,7,340,1
CUST00193,50,Female,51,Standard,38,105.88,68,5,0.397,1,5,5,2388,1
CUST00194,18,Male,58,Premium,119,101.17,25,12,0.441,2,3,6,3487,0
CUST00195,44,Male,5,Standard,37,40.71,179,9,0.198,2,4,2,1700,0
CUST00196,69,Male,5,Basic,115,99.6,141,11,0.155,2,2,5,1233,0
CUST00197,30,Male,8,Basic,68,73.06,44,6,0.133,3,5,8,2570,0
CUST00198,58,Male,64,Basic,43,77.19,163,9,0.347,2,1,2,2298,0
CUST00199,20,Female,10,Premium,58,77.2,55,9,0.284,2,4,5,137,0
CUST00200,56,Male,38,Standard,13,70.49,137,9,0.238,5,1,6,2798,0
CUST00201,23,Female,8,Premium,52,110.75,130,9,0.444,2,4,4,2930,0
CUST00202,25,Male,25,Standard,58,72.49,41,7,0.311,2,5,9,3920,1
CUST00203,44,Female,66,Standard,32,41.41,172,5,0.124,3,5,7,4182,0
CUST00204,26,Female,50,Basic,105,63.19,64,2,0.148,1,5,7,1833,0
CUST00205,54,Male,67,Standard,83,80.36,31,9,0.352,3,4,5,2139,1
CUST00206,50,Female,49,Standard,99,111.88,47,6,0.406,1,3,6,207,0
CUST00207,68,Male,36,Premium,104,93.09,130,7,0.333,2,1,2,2233,0
CUST00208,59,Female,68,Basic,28,49.48,96,4,0.535,2,3,6,1850,0
CUST00209,61,Male,41,Standard,129,149.56,77,9,0.495,2,3,6,1687,0
CUST00210,41,Male,62,Standard,48,82.94,110,8,0.316,2,2,3,2203,0
CUST00211,32,Male,10,Standard,40,113.26,69,10,0.124,5,1,9,2208,0
CUST00212,49,Female,21,Standard,97,70.45,58,9,0.054,3,4,3,850,0
CUST00213,49,Female,36,Standard,114,91.0,106,9,0.192,0,2,2,2203,1
CUST00214,41,Female,12,Basic,132,100.18,44,2,0.363,1,2,9,3690,0
CUST00215,58,Male,2,Standard,137,111.55,74,6,0.524,1,5,6,3355,0
CUST00216,69,Female,13,Standard,111,106.72,56,7,0.313,0,4,4,2609,0
CUST00217,66,Male,53,Premium,144,101.17,171,7,0.425,2,3,2,223,1
CUST00218,66,Female,32,Premium,76,65.55,127,9,0.213,4,3,5,3774,0
CUST00219,69,Male,16,Basic,31,57.85,162,6,0.343,3,3,5,1411,0
CUST00220,29,Male,32,Basic,119,84.98,30,6,0.374,0,5,5,4392,0
CUST00221,56,Male,32,Premium,142,102.99,71,10,0.0,1,3,1,322,0
CUST00222,19,Male,11,Standard,25,68.32,118,10,0.188,3,1,9,1511,1
CUST00223,20,Female,10,Premium,34,106.96,55,12,0.392,3,3,6,2086,0
CUST00224,66,Male,15,Basic,67,118.58,67,8,0.291,2,3,6,4600,0
CUST00225,54,Female,17,Standard,118,47.51,141,5,0.071,1,1,9,2287,0
CUST00226,66,Male,40,Premium,73,49.89,3,8,0.0,1,5,3,686,0
CUST00227,34,Female,18,Premium,26,70.79,26,8,0.195,0,2,5,2017,0
CUST00228,66,Male,55,Basic,148,84.23,57,8,0.239,3,4,3,1468,0
CUST00229,19,Male,25,Standard,104,59.26,126,14,0.117,2,5,3,3923,0
CUST00230,19,Female,59,Standard,10,115.57,152,2,0.271,2,3,5,4835,0
CUST00231,45,Male,22,Basic,67,87.72,53,7,0.326,3,2,8,996,1
CUST00232,40,Male,30,Standard,5,76.18,43,7,0.351,1,4,6,2534,0
CUST00233,54,Female,44,Standard,27,31.92,49,5,0.0,1,4,1,2812,0
CUST00234,49,Female,32,Premium,113,35.53,42,7,0.053,3,4,5,622,0
CUST00235,50,Male,51,Standard,15,83.43,11,8,0.204,3,1,4,3824,1
CUST00236,18,Male,46,Basic,105,11.02,103,8,0.336,3,1,5,2783,0
CUST00237,36,Female,21,Basic,44,105.38,98,12,0.323,1,2,7,4393,0
CUST00238,19,Male,32,Standard,26,70.26,146,4,0.321,0,3,7,1075,0
CUST00239,61,Male,39,Basic,95,172.29,85,6,0.192,3,2,2,303,0
CUST00240,43,Male,12,Standard,84,144.24,100,8,0.201,2,3,8,663,1
CUST00241,49,Female,47,Basic,140,69.56,104,9,0.141,2,5,5,2946,0
CUST00242,23,Female,18,Premium,132,71.81,46,6,0.365,3,4,6,3994,0
CUST00243,49,Male,21,Premium,87,104.87,44,11,0.112,2,4,8,1992,0
CUST00244,21,Male,13,Standard,112,126.1,22,6,0.378,6,1,6,3495,0
CUST00245,28,Male,21,Premium,129,25.86,114,9,0.281,1,5,9,2694,0
CUST00246,34,Female,8,Standard,89,21.41,125,12,0.243,3,5,8,4304,0
CUST00247,55,Male,46,Standard,66,56.34,124,7,0.151,3,3,0,3198,0
CUST00248,41,Male,7,Basic,131,92.48,30,14,0.047,1,5,0,518,0
CUST00249,22,Female,23,Standard,122,89.91,8,6,0.153,1,1,2,4433,0
CUST00250,69,Male,22,Standard,149,107.09,98,9,0.2,1,3,8,1869,0
CUST00251,51,Female,22,Premium,84,39.01,57,8,0.0,1,2,0,3810,0
CUST00252,23,Male,29,Standard,116,10.0,111,10,0.22,3,3,0,912,1
CUST00253,39,Male,13,Premium,116,100.74,73,9,0.389,2,2,4,3934,0
CUST00254,28,Male,2,Standard,38,50.15,115,5,0.335,2,3,7,4902,1
CUST00255,65,Female,29,Basic,143,14.45,20,7,0.176,0,4,1,3188,0
CUST00256,33,Female,52,Premium,110,79.35,25,10,0.257,1,2,3,1315,0
CUST00257,50,Female,27,Standard,46,98.8,19,6,0.167,5,1,5,3228,1
CUST00258,26,Male,50,Basic,25,71.34,5,7,0.272,0,2,0,571,0
CUST00259,23,Female,23,Standard,21,61.26,75,8,0.481,2,2,3,3255,0
CUST00260,33,Male,44,Basic,121,70.22,128,6,0.395,5,3,3,2471,1
CUST00261,46,Male,22,Standard,122,63.88,72,5,0.328,1,4,8,97,0
CUST00262,20,Female,43,Standard,133,34.56,155,7,0.176,1,3,8,4033,0
CUST00263,37,Male,37,Standard,70,53.56,40,4,0.362,2,3,5,1639,0
CUST00264,53,Male,61,Premium,113,90.64,26,12,0.0,1,4,7,4842,0
CUST00265,36,Male,56,Standard,107,84.65,27,12,0.212,0,3,9,4027,0
CUST00266,43,Male,3,Basic,112,80.04,83,9,0.338,3,4,3,260,1
CUST00267,20,Male,63,Standard,108,45.15,128,7,0.361,0,1,9,935,0
CUST00268,36,Female,19,Premium,47,69.55,178,5,0.35,1,4,7,1797,0
CUST00269,37,Male,23,Basic,91,10.0,170,5,0.294,2,5,2,331,0
CUST00270,49,Female,29,Basic,18,80.35,157,7,0.221,2,4,1,4210,0
CUST00271,24,Female,30,Basic,149,117.87,167,6,0.331,0,4,5,267,0
CUST00272,69,Male,39,Basic,104,30.78,169,7,0.107,3,5,4,2059,0
CUST00273,58,Male,25,Premium,40,57.42,33,9,0.123,2,4,7,72,0
CUST00274,50,Male,8,Standard,138,84.87,97,8,0.259,0,2,0,2921,1
CUST00275,57,Female,58,Basic,89,112.59,111,6,0.276,3,3,9,2453,1
CUST00276,56,Male,16,Standard,61,61.55,16,9,0.0,3,3,2,3888,0
CUST00277,35,Female,1,Basic,5,54.23,23,8,0.318,2,1,6,177,0
CUST00278,57,Male,5,Premium,122,15.93,135,5,0.366,4,1,9,1999,1
CUST00279,18,Female,3,Premium,55,78.1,26,9,0.238,1,5,3,771,0
CUST00280,28,Male,65,Basic,37,136.26,96,6,0.606,2,2,9,945,0
CUST00281,45,Male,4,Premium,56,83.32,12,8,0.148,3,1,4,4495,1
CUST00282,42,Female,64,Standard,102,74.33,72,6,0.196,2,3,7,269,0
CUST00283,67,Female,10,Basic,93,84.66,133,7,0.191,4,1,0,1855,1
CUST00284,40,Male,21,Basic,73,74.67,106,8,0.239,1,1,0,1655,0
CUST00285,48,Female,46,Standard,59,50.61,117,5,0.201,1,4,6,3752,1
CUST00286,47,Female,27,Standard,2,99.7,177,8,0.039,5,1,8,2533,0
CUST00287,59,Female,66,Premium,104,81.77,26,5,0.168,3,5,3,4154,0
CUST00288,52,Female,41,Standard,51,75.53,133,9,0.235,2,3,7,2689,0
CUST00289,24,Male,13,Premium,30,45.74,22,11,0.434,5,5,9,4982,0
CUST00290,33,Male,9,Standard,11,114.11,13,8,0.58,4,5,6,4361,0
CUST00291,43,Male,36,Premium,108,94.94,156,6,0.45,4,2,1,2122,0
CUST00292,65,Female,58,Standard,76,58.41,161,11,0.134,5,4,4,3161,0
CUST00293,69,Female,54,Basic,90,105.05,107,7,0.146,3,5,8,504,1
CUST00294,66,Male,12,Standard,123,60.07,23,10,0.226,3,2,8,2404,0
CUST00295,19,Male,14,Premium,125,51.54,97,8,0.518,1,3,2,2201,0
CUST00296,18,Female,34,Basic,122,52.21,18,9,0.225,5,3,2,3289,0
CUST00297,65,Female,53,Premium,94,21.87,117,7,0.051,8,2,1,4581,0
CUST00298,29,Female,20,Basic,103,89.15,30,7,0.175,0,5,6,1153,0
CUST00299,22,Male,16,Standard,31,20.07,26,12,0.364,2,5,5,4161,0
CUST00300,54,Male,70,Premium,52,38.15,144,3,0.353,0,4,4,2427,0
CUST00301,49,Male,56,Basic,89,12.73,39,6,0.22,0,4,6,1336,0
CUST00302,26,Female,58,Basic,76,72.42,161,9,0.353,2,3,3,406,0
CUST00303,58,Male,4,Standard,129,70.49,154,8,0.0,0,4,4,3478,0
CUST00304,52,Female,4,Premium,22,65.2,176,8,0.266,2,2,8,4044,0
CUST00305,36,Male,20,Basic,40,43.72,166,7,0.379,2,3,8,276,1
CUST00306,65,Female,10,Premium,101,39.83,130,9,0.125,3,5,3,3480,0
CUST00307,33,Female,24,Basic,111,88.93,113,11,0.125,1,3,5,2361,0
CUST00308,20,Female,26,Premium,129,58.48,134,8,0.0,1,1,1,2596,0
CUST00309,37,Male,37,Premium,65,84.49,46,7,0.488,0,3,2,1968,0
CUST00310,41,Male,54,Standard,149,48.44,50,8,0.142,4,4,8,460,1
CUST00311,50,Male,21,Standard,79,80.43,166,15,0.286,1,2,5,2446,1
CUST00312,41,Female,38,Standard,22,114.1,106,14,0.341,1,5,7,3739,0
CUST00313,69,Female,46,Standard,99,92.58,146,10,0.477,2,5,4,1582,0
CUST00314,28,Female,4,Basic,8,62.63,155,6,0.227,0,4,1,3517,0
CUST00315,66,Female,60,Basic,17,82.72,169,13,0.169,2,4,6,4802,0
CUST00316,25,Female,57,Basic,17,67.78,72,4,0.276,2,4,5,4198,0
CUST00317,53,Male,45,Standard,90,75.24,74,4,0.443,2,1,1,2375,0
CUST00318,55,Female,20,Basic,141,65.23,17,7,0.224,0,2,5,2739,0
CUST00319,57,Male,17,Standard,145,70.07,157,10,0.107,4,1,7,971,1
CUST00320,37,Male,71,Premium,81,81.36,70,13,0.019,5,4,0,1325,0
CUST00321,52,Female,4,Basic,78,45.2,150,6,0.067,2,2,3,152,1
CUST00322,65,Male,14,Standard,6,44.52,6,10,0.38,1,4,0,3608,0
CUST00323,42,Male,3,Standard,110,33.34,26,5,0.202,1,2,1,3960,0
CUST00324,52,Female,58,Premium,14,26.99,167,11,0.159,2,5,0,3106,0
CUST00325,42,Male,55,Premium,72,38.48,140,6,0.143,1,1,5,3086,1
CUST00326,46,Female,4,Premium,143,79.78,99,8,0.263,2,4,5,729,1
CUST00327,35,Male,24,Premium,54,48.22,142,4,0.214,3,4,0,3967,1
CUST00328,63,Male,34,Basic,27,90.41,22,8,0.209,2,3,3,4169,0
CUST00329,35,Male,30,Premium,13,76.04,51,9,0.452,2,5,3,4951,1
CUST00330,19,Male,19,Standard,60,15.94,151,11,0.481,1,4,7,4002,1
CUST00331,52,Female,31,Basic,6,94.65,176,8,0.008,5,1,5,2332,0
CUST00332,33,Male,60,Premium,58,99.32,104,8,0.299,0,5,1,1573,0
CUST00333,58,Female,60,Basic,49,45.18,178,9,0.133,3,4,4,3268,0
CUST00334,53,Male,19,Standard,26,87.61,89,13,0.213,0,1,3,4375,0
CUST00335,50,Female,49,Basic,47,49.31,141,10,0.296,2,3,9,4882,0
CUST00336,21,Female,63,Standard,5,77.93,138,9,0.218,3,3,3,685,1
CUST00337,50,Female,22,Standard,20,37.07,9,8,0.285,2,1,7,3888,0
CUST00338,31,Male,24,Standard,134,21.21,79,7,0.351,2,5,4,1579,0
CUST00339,38,Male,30,Standard,59,63.52,52,12,0.294,2,1,2,968,0
CUST00340,65,Male,58,Basic,146,71.29,130,2,0.153,3,1,9,3737,0
CUST00341,37,Female,31,Premium,132,63.07,153,6,0.156,2,3,3,2033,0
CUST00342,25,Male,64,Basic,17,39.48,13,6,0.034,0,3,0,767,0
CUST00343,24,Female,19,Standard,14,63.0,51,6,0.122,1,3,5,645,0
CUST00344,20,Female,48,Premium,13,83.08,34,13,0.544,4,4,9,4121,0
CUST00345,34,Male,45,Premium,135,73.65,35,6,0.131,2,4,3,1079,0
CUST00346,50,Female,55,Standard,128,80.48,131,6,0.071,2,2,5,636,0
CUST00347,65,Male,55,Standard,44,54.9,120,9,0.298,1,4,1,4325,0
CUST00348,29,Male,18,Premium,119,110.15,70,8,0.233,1,5,4,2100,1
CUST00349,68,Female,63,Premium,143,39.71,176,14,0.221,2,5,8,100,0
CUST00350,39,Female,47,Standard,19,89.63,147,6,0.461,1,3,7,3917,1
CUST00351,39,Female,57,Basic,63,110.46,67,4,0.332,1,1,2,4899,0
CUST00352,63,Male,45,Basic,81,89.43,103,9,0.171,3,3,0,868,0
CUST00353,47,Male,33,Basic,147,68.92,73,7,0.186,3,1,9,4097,0
CUST00354,55,Female,17,Standard,148,59.15,116,8,0.175,1,3,2,21,0
CUST00355,55,Female,70,Basic,100,106.08,133,8,0.381,3,3,7,2625,0
CUST00356,62,Female,4,Standard,122,32.31,67,10,0.204,3,5,2,1903,0
CUST00357,68,Male,20,Basic,44,45.9,139,6,0.0,2,1,4,2576,0
CUST00358,25,Female,47,Basic,104,63.07,121,4,0.243,1,2,1,4109,0
CUST00359,44,Male,15,Premium,61,112.13,94,10,0.019,3,2,0,4614,1
CUST00360,44,Male,70,Standard,125,86.39,129,10,0.578,2,3,9,3293,0
CUST00361,51,Female,47,Basic,145,45.96,91,5,0.105,2,3,4,1935,0
CUST00362,38,Male,9,Premium,71,65.69,92,7,0.226,2,5,4,615,1
CUST00363,47,Female,16,Basic,107,56.57,63,8,0.289,3,1,5,2450,0
CUST00364,50,Male,69,Standard,50,53.71,29,4,0.207,1,3,1,3584,1
CUST00365,45,Male,61,Standard,65,104.37,12,7,0.206,3,2,8,286,0
CUST00366,64,Female,10,Basic,99,33.85,77,12,0.313,1,1,1,3318,1
CUST00367,50,Female,50,Premium,32,123.26,41,8,0.479,5,3,1,1923,0
CUST00368,22,Female,3,Standard,141,99.85,130,6,0.365,2,1,4,4921,0
CUST00369,65,Female,70,Standard,58,107.73,37,5,0.472,1,5,8,2773,0
CUST00370,36,Female,51,Basic,128,61.11,173,8,0.093,2,2,3,2090,0
CUST00371,21,Female,19,Basic,142,70.5,176,9,0.298,2,1,5,2801,0
CUST00372,52,Female,42,Premium,112,32.01,24,4,0.273,1,2,1,992,0
CUST00373,66,Male,35,Basic,68,59.26,99,9,0.303,0,3,3,1584,0
CUST00374,34,Female,46,Standard,40,89.81,150,6,0.456,2,4,8,1903,0
CUST00375,61,Male,26,Standard,144,113.88,100,11,0.217,3,1,1,875,1
CUST00376,45,Female,69,Standard,132,41.79,139,9,0.189,1,2,0,4829,1
CUST00377,47,Female,64,Basic,90,64.03,58,8,0.33,2,1,3,1885,0
CUST00378,46,Male,37,Basic,28,70.46,174,8,0.0,4,3,3,143,1
CUST00379,63,Female,49,Standard,96,33.13,29,7,0.214,2,3,0,2256,1
CUST00380,23,Female,21,Basic,31,92.74,163,7,0.23,2,2,3,1122,1
CUST00381,52,Male,64,Basic,3,53.28,143,7,0.112,2,5,2,699,0
CUST00382,58,Female,5,Basic,136,69.14,60,7,0.409,2,1,1,4209,0
CUST00383,54,Female,70,Standard,24,61.44,95,12,0.091,3,1,9,270,0
CUST00384,41,Male,4,Premium,15,51.32,42,11,0.23,2,3,3,62,1
CUST00385,46,Female,39,Basic,45,74.79,43,7,0.294,1,1,7,1007,1
CUST00386,66,Male,35,Basic,8,68.53,74,4,0.453,2,2,6,2843,0
CUST00387,63,Female,1,Basic,71,63.84,177,14,0.248,2,4,8,2272,0
CUST00388,48,Female,24,Standard,108,53.15,160,10,0.39,1,3,7,1982,0
CUST00389,52,Female,57,Standard,115,84.59,64,11,0.355,2,4,0,2428,0
CUST00390,50,Male,70,Standard,103,124.61,2,5,0.269,0,1,1,3724,0
CUST00391,69,Female,41,Standard,125,79.2,152,13,0.087,4,5,1,4413,0
CUST00392,38,Female,54,Standard,57,104.88,66,8,0.035,3,2,7,2755,1
CUST00393,49,Male,46,Premium,30,33.29,166,5,0.266,2,1,3,3734,0
CUST00394,40,Female,60,Premium,146,79.73,31,7,0.169,5,2,8,1292,1
CUST00395,50,Male,60,Basic,114,42.08,115,8,0.388,4,1,1,4509,0
CUST00396,20,Female,57,Basic,117,30.69,26,10,0.362,2,1,3,4320,0
CUST00397,35,Male,31,Basic,60,52.82,29,5,0.222,1,1,0,1177,0
CUST00398,42,Male,24,Basic,98,110.76,78,5,0.076,0,3,2,4716,0
CUST00399,59,Male,36,Premium,126,103.5,25,4,0.327,0,4,5,2620,0
CUST00400,48,Female,30,Standard,94,82.29,48,5,0.097,2,5,8,2536,1
CUST00401,20,Male,24,Basic,134,29.02,65,12,0.136,0,4,0,1968,1
CUST00402,57,Female,30,Standard,122,69.11,67,2,0.103,4,4,4,1195,1
CUST00403,63,Male,7,Standard,108,84.05,90,7,0.229,1,2,1,2831,0
CUST00404,41,Male,35,Basic,4,80.27,146,9,0.426,2,3,6,507,1
CUST00405,67,Female,55,Basic,93,19.69,137,9,0.249,3,3,3,404,0
CUST00406,49,Female,14,Standard,6,48.29,38,7,0.184,2,1,4,1294,0
CUST00407,64,Male,10,Standard,32,73.08,87,10,0.021,5,4,7,3625,0
CUST00408,39,Female,16,Basic,106,91.09,149,8,0.333,1,5,1,2819,1
CUST00409,40,Female,54,Basic,146,10.0,65,10,0.133,0,2,2,4759,0
CUST00410,19,Female,70,Standard,15,70.14,149,10,0.268,3,3,4,3637,1
CUST00411,44,Male,44,Basic,122,79.29,27,3,0.197,2,1,9,1873,1
CUST00412,59,Male,45,Standard,96,100.49,106,4,0.376,3,5,3,1406,0
CUST00413,19,Female,56,Standard,6,95.79,123,7,0.226,2,4,4,3583,0
CUST00414,43,Male,57,Basic,112,92.48,44,7,0.241,0,5,2,1577,1
CUST00415,34,Female,21,Premium,120,51.0,100,8,0.323,2,3,8,4376,0
CUST00416,57,Female,68,Standard,123,17.76,28,4,0.566,1,2,7,3427,1
CUST00417,50,Female,50,Basic,67,63.21,173,9,0.383,3,4,5,636,0
CUST00418,26,Female,33,Standard,106,105.05,17,13,0.237,3,2,0,807,0
CUST00419,60,Female,7,Standard,139,116.8,127,8,0.25,1,5,3,2395,0
CUST00420,65,Male,70,Standard,43,96.32,123,9,0.171,0,5,6,4524,0
CUST00421,56,Female,15,Basic,145,87.88,168,10,0.108,3,1,9,1415,0
CUST00422,46,Male,32,Premium,96,86.39,131,5,0.167,1,4,4,2449,0
CUST00423,59,Male,20,Standard,132,58.32,76,6,0.134,6,5,3,4760,1
CUST00424,43,Female,15,Basic,81,71.1,46,5,0.348,2,3,8,4845,0
CUST00425,52,Female,48,Basic,41,125.07,158,10,0.089,1,3,7,3496,0
CUST00426,67,Female,71,Basic,133,46.72,69,7,0.45,2,2,2,3588,0
CUST00427,42,Female,21,Premium,35,123.44,137,9,0.363,2,3,5,4029,0
CUST00428,41,Male,42,Basic,22,65.34,85,11,0.253,0,5,3,4732,0
CUST00429,30,Male,26,Basic,112,114.76,11,7,0.25,3,3,6,514,1
CUST00430,24,Female,14,Premium,11,32.8,69,8,0.166,1,4,0,3294,0
CUST00431,53,Male,57,Basic,3,92.58,99,9,0.291,2,2,0,2908,0
CUST00432,62,Male,37,Basic,137,52.9,91,9,0.413,2,4,5,2498,1
CUST00433,37,Male,58,Basic,60,32.54,159,5,0.145,3,5,9,1366,1
CUST00434,18,Male,21,Basic,76,81.56,161,10,0.02,1,5,6,340,0
CUST00435,25,Male,69,Basic,87,105.28,167,8,0.355,1,3,8,3972,1
CUST00436,63,Male,3,Standard,14,49.65,94,11,0.299,2,1,6,1560,0
CUST00437,33,Male,37,Basic,18,30.03,174,8,0.082,1,1,8,2468,0
CUST00438,31,Male,49,Basic,113,72.24,165,5,0.14,3,5,9,2428,1
CUST00439,29,Female,19,Standard,73,72.38,115,9,0.121,1,5,8,3688,0
CUST00440,68,Male,12,Standard,23,91.45,31,9,0.141,4,2,7,2695,1
CUST00441,40,Male,61,Standard,83,103.49,11,9,0.201,0,5,6,2027,0
CUST00442,32,Female,41,Standard,125,73.22,87,5,0.21,2,5,2,3752,0
CUST00443,45,Male,33,Basic,69,130.67,121,10,0.152,5,2,2,315,0
CUST00444,51,Female,50,Standard,47,81.73,130,10,0.136,3,4,4,3989,0
CUST00445,19,Female,68,Standard,116,64.61,105,9,0.216,3,4,6,1101,0
CUST00446,49,Male,71,Basic,30,26.65,27,8,0.275,2,2,9,530,0
CUST00447,40,Male,33,Premium,25,67.12,2,8,0.203,4,2,6,2402,0
CUST00448,39,Female,24,Basic,112,64.91,103,10,0.424,3,4,0,1859,0
CUST00449,68,Female,61,Standard,25,103.81,101,10,0.326,0,4,7,4757,0
CUST00450,42,Male,61,Basic,74,88.87,21,3,0.011,1,4,0,1219,1
CUST00451,39,Female,28,Standard,58,39.62,58,14,0.329,6,4,3,4222,0
CUST00452,39,Male,58,Standard,94,80.17,133,11,0.341,4,3,1,4444,0
CUST00453,66,Female,43,Premium,119,95.15,173,8,0.185,5,2,4,1766,0
CUST00454,69,Male,41,Basic,127,120.84,85,8,0.026,3,1,5,1067,0
CUST00455,59,Female,39,Standard,25,101.63,93,8,0.251,3,3,3,727,0
CUST00456,23,Female,49,Standard,78,97.83,20,9,0.249,0,1,3,243,0
CUST00457,32,Female,17,Standard,99,76.8,61,12,0.082,2,1,6,1785,0
CUST00458,60,Female,70,Standard,116,86.65,38,13,0.032,2,5,3,711,0
CUST00459,54,Male,70,Standard,48,112.49,148,11,0.237,3,2,1,2893,1
CUST00460,50,Male,65,Standard,10,35.02,25,7,0.215,1,3,3,3150,0
CUST00461,25,Male,5,Basic,99,64.52,130,7,0.187,5,2,6,4181,1
CUST00462,61,Male,2,Standard,11,51.82,121,5,0.237,7,4,0,1508,0
CUST00463,61,Female,22,Basic,85,86.37,160,6,0.085,3,2,3,270,0
CUST00464,22,Male,57,Premium,149,111.91,26,3,0.185,2,1,5,1797,1
CUST00465,56,Male,66,Standard,135,57.09,169,9,0.33,4,4,7,2560,0
CUST00466,21,Female,16,Premium,126,10.0,67,13,0.198,1,2,7,3560,1
CUST00467,23,Female,51,Basic,64,62.63,1,7,0.0,0,2,8,4003,1
CUST00468,62,Female,39,Premium,2,102.4,51,7,0.179,2,1,4,2177,0
CUST00469,49,Female,40,Premium,76,91.13,5,11,0.089,2,4,1,837,1
CUST00470,69,Male,38,Standard,121,87.85,13,6,0.29,0,1,2,2817,0
CUST00471,47,Male,60,Standard,42,66.6,147,9,0.298,2,2,1,3714,1
CUST00472,64,Female,59,Basic,54,36.63,140,13,0.001,0,3,8,3078,1
CUST00473,52,Female,10,Premium,75,90.46,48,11,0.364,1,3,5,2899,1
CUST00474,57,Male,64,Standard,16,49.97,153,11,0.083,0,5,0,1776,0
CUST00475,69,Female,63,Basic,18,140.52,57,8,0.484,2,3,2,1650,1
CUST00476,33,Male,49,Basic,90,92.12,115,12,0.243,1,4,6,2948,0
CUST00477,30,Male,64,Premium,144,57.58,35,12,0.063,1,5,6,2520,0
CUST00478,67,Female,32,Premium,6,56.66,76,15,0.079,0,4,4,2385,1
CUST00479,59,Female,7,Premium,108,72.21,94,4,0.302,0,3,2,4414,0
CUST00480,47,Female,21,Standard,48,67.81,5,6,0.191,1,3,6,2768,0
CUST00481,36,Male,20,Basic,42,108.51,22,5,0.236,0,2,4,4238,0
CUST00482,34,Female,26,Basic,76,80.59,103,8,0.492,7,4,5,2704,0
CUST00483,36,Male,68,Basic,77,53.05,175,10,0.145,1,1,2,1172,0
CUST00484,45,Male,15,Basic,132,131.71,131,7,0.259,4,2,5,2518,0
CUST00485,43,Female,14,Basic,130,76.48,124,7,0.463,2,4,6,362,0
CUST00486,54,Female,27,Basic,59,98.07,53,3,0.291,4,5,7,649,0
CUST00487,43,Female,40,Standard,27,56.75,159,10,0.009,2,4,1,2256,1
CUST00488,40,Female,58,Premium,79,85.89,69,9,0.326,2,5,1,3136,1
CUST00489,26,Female,28,Standard,72,84.33,104,8,0.076,2,5,5,4644,0
CUST00490,29,Female,26,Premium,7,18.31,161,9,0.461,4,3,7,1135,0
CUST00491,18,Male,63,Standard,111,135.46,178,7,0.127,1,1,4,4358,1
CUST00492,18,Male,66,Basic,119,113.72,16,7,0.695,2,4,0,3147,0
CUST00493,64,Male,25,Basic,63,63.08,116,10,0.47,3,1,0,4861,0
CUST00494,51,Male,3,Basic,124,41.93,76,6,0.131,5,5,9,875,0
CUST00495,49,Female,44,Basic,12,85.43,109,6,0.253,1,3,8,3742,0
CUST00496,65,Female,42,Standard,141,77.6,39,8,0.363,2,1,3,3851,0
CUST00497,42,Male,6,Basic,43,85.67,89,11,0.368,0,2,9,1152,1
CUST00498,57,Male,39,Basic,17,80.75,174,8,0.316,3,5,0,1922,0
CUST00499,62,Female,52,Basic,63,90.19,112,11,0.438,3,2,7,628,1
CUST00500,18,Male,23,Premium,120,118.42,47,8,0.232,0,1,1,3019,0
CUST00501,33,Female,50,Standard,36,92.04,172,10,0.195,1,1,1,1724,0
CUST00502,56,Female,43,Standard,8,43.51,137,6,0.198,0,1,0,4748,0
CUST00503,22,Female,19,Basic,69,115.88,128,8,0.379,0,4,0,1128,0
CUST00504,39,Female,69,Standard,90,124.22,178,7,0.305,1,5,8,4561,0
CUST00505,46,Female,51,Standard,36,169.56,77,7,0.294,3,5,0,763,1
CUST00506,20,Male,11,Standard,28,41.3,15,3,0.369,2,5,5,1019,1
CUST00507,29,Female,12,Premium,118,82.29,36,11,0.0,5,4,6,3973,0
CUST00508,43,Female,8,Basic,93,12.54,63,7,0.297,2,1,3,3927,0
CUST00509,33,Male,24,Premium,76,91.59,69,6,0.283,2,1,4,2841,0
CUST00510,68,Female,41,Premium,101,58.55,169,11,0.5,2,2,3,2947,0
CUST00511,54,Female,36,Basic,144,132.7,74,2,0.021,1,4,3,674,0
CUST00512,39,Female,55,Standard,14,51.76,24,7,0.484,2,3,9,1008,0
CUST00513,46,Female,9,Premium,71,24.32,49,9,0.261,1,4,0,1226,0
CUST00514,31,Female,47,Basic,124,60.86,146,8,0.323,0,2,5,1635,0
CUST00515,45,Female,15,Standard,125,15.74,7,12,0.501,4,2,9,4376,0
CUST00516,22,Female,48,Premium,37,97.53,4,6,0.334,1,2,9,323,0
CUST00517,64,Female,42,Standard,29,13.05,90,13,0.31,3,1,6,2838,0
CUST00518,66,Female,60,Basic,143,75.85,60,11,0.286,1,3,6,3810,0
CUST00519,47,Female,70,Standard,19,12.67,55,12,0.177,2,2,7,1685,0
CUST00520,63,Female,12,Basic,106,65.39,16,4,0.246,2,5,6,3712,0
CUST00521,69,Male,2,Standard,21,124.3,29,14,0.143,1,1,5,541,0
CUST00522,22,Female,7,Basic,64,85.82,151,4,0.243,2,3,7,2944,0
CUST00523,29,Female,3,Standard,27,49.1,14,12,0.0,0,5,2,1327,0
CUST00524,33,Male,3,Standard,55,74.06,79,5,0.314,2,3,8,638,0
CUST00525,43,Female,27,Standard,29,75.54,177,6,0.232,1,3,2,4531,0
CUST00526,43,Male,40,Standard,148,89.18,33,12,0.2,1,5,3,2260,0
CUST00527,65,Male,33,Standard,25,33.99,153,9,0.283,0,4,9,1429,0
CUST00528,38,Female,1,Standard,70,92.78,21,10,0.035,3,3,5,2865,0
CUST00529,56,Male,8,Basic,63,10.0,145,9,0.539,1,4,7,961,0
CUST00530,53,Female,32,Standard,130,56.1,23,8,0.235,2,3,2,2962,0
CUST00531,50,Female,48,Basic,16,60.35,57,11,0.228,1,5,9,2468,0
CUST00532,47,Female,4,Premium,146,94.0,142,7,0.105,5,3,5,3228,0
CUST00533,54,Male,70,Basic,100,75.68,93,10,0.254,1,2,4,128,1
CUST00534,40,Male,19,Standard,30,32.83,20,7,0.458,4,2,4,4399,0
CUST00535,27,Female,32,Standard,45,45.45,158,16,0.405,1,3,4,3966,0
CUST00536,22,Female,9,Standard,19,80.96,19,7,0.378,0,5,8,916,1
CUST00537,53,Female,12,Basic,34,72.63,103,12,0.332,3,5,6,1250,0
CUST00538,51,Male,11,Standard,141,57.63,77,5,0.196,3,1,8,2198,0
CUST00539,69,Female,46,Standard,62,60.57,151,7,0.032,2,5,8,4688,0
CUST00540,48,Female,16,Standard,118,95.89,33,11,0.22,3,4,5,4073,1
CUST00541,27,Female,1,Basic,100,59.47,18,8,0.215,2,3,5,3787,1
CUST00542,36,Male,63,Standard,22,72.36,73,11,0.407,2,2,3,939,0
CUST00543,49,Female,21,Standard,111,140.1,161,6,0.296,1,5,7,2278,1
CUST00544,18,Female,30,Standard,73,32.29,160,9,0.492,2,2,1,1001,0
CUST00545,22,Female,13,Standard,147,19.44,17,7,0.43,3,1,4,3772,0
CUST00546,62,Male,34,Standard,38,98.51,19,5,0.182,1,3,0,2212,0
CUST00547,21,Female,4,Basic,70,54.64,70,8,0.0,2,5,9,1610,1
CUST00548,33,Female,28,Basic,116,65.45,120,4,0.458,2,2,1,1627,0
CUST00549,41,Male,59,Basic,79,51.57,101,4,0.454,2,5,0,3137,0
CUST00550,33,Female,27,Basic,148,67.21,34,4,0.045,2,1,5,3991,0
CUST00551,19,Female,69,Standard,9,122.96,84,12,0.476,1,2,1,1103,1
CUST00552,66,Male,25,Standard,32,99.06,153,6,0.307,2,2,3,2187,1
CUST00553,45,Male,3,Basic,132,100.87,74,9,0.274,0,3,4,4225,0
CUST00554,49,Female,68,Premium,50,32.51,88,8,0.492,3,3,6,3032,0
CUST00555,44,Male,25,Basic,82,40.47,85,4,0.452,3,2,9,2813,0
CUST00556,37,Female,20,Standard,5,10.0,11,10,0.348,1,3,0,2493,1
CUST00557,41,Male,34,Standard,148,50.72,91,13,0.321,3,2,4,3903,0
CUST00558,29,Female,26,Basic,87,103.7,144,7,0.342,6,4,3,28,0
CUST00559,67,Male,5,Basic,126,90.51,127,6,0.19,4,5,6,4059,1
CUST00560,52,Female,61,Standard,75,68.35,113,11,0.242,1,4,9,1260,0
CUST00561,50,Female,9,Basic,22,74.33,80,6,0.115,1,4,6,3670,0
CUST00562,50,Female,50,Premium,68,54.33,7,8,0.2,0,5,7,4894,0
CUST00563,68,Female,6,Standard,44,81.14,16,6,0.195,0,2,3,3510,0
CUST00564,60,Male,60,Premium,34,97.98,16,13,0.155,2,2,3,2336,0
CUST00565,54,Female,44,Basic,77,26.52,168,7,0.271,1,3,9,3323,0
CUST00566,29,Male,11,Standard,42,83.99,12,5,0.201,2,1,4,99,1
CUST00567,20,Male,66,Standard,137,102.97,35,8,0.325,5,2,4,3656,0
CUST00568,18,Male,47,Standard,106,62.55,21,5,0.007,5,5,2,4517,0
CUST00569,50,Female,3,Basic,95,96.02,178,12,0.233,2,1,4,693,0
CUST00570,57,Female,30,Standard,135,159.44,171,11,0.27,3,5,4,4801,1
CUST00571,27,Female,21,Standard,68,71.87,17,11,0.203,2,5,7,17,0
CUST00572,60,Male,28,Standard,147,86.8,32,8,0.224,2,5,6,3709,0
CUST00573,61,Male,62,Basic,128,52.86,41,5,0.012,0,1,7,2770,1
CUST00574,46,Female,33,Premium,85,80.44,134,9,0.303,2,4,4,1030,0
CUST00575,30,Male,35,Basic,83,88.81,27,12,0.347,1,5,1,4475,1
CUST00576,29,Male,52,Premium,95,80.85,148,14,0.324,4,3,7,4209,1
CUST00577,48,Male,34,Premium,32,44.41,153,4,0.406,0,2,8,1619,1
CUST00578,63,Female,41,Premium,66,81.19,66,6,0.28,4,2,1,850,0
CUST00579,19,Female,51,Standard,116,118.87,137,11,0.322,6,2,0,1896,0
CUST00580,68,Male,47,Standard,138,88.46,92,9,0.273,3,1,5,975,0
CUST00581,67,Male,58,Premium,130,103.86,61,10,0.353,2,3,2,2516,0
CUST00582,52,Female,57,Basic,60,67.89,166,5,0.013,2,3,0,4188,0
CUST00583,40,Female,23,Standard,17,97.5,3,4,0.116,1,3,5,1515,0
CUST00584,34,Male,48,Standard,96,83.38,103,5,0.488,2,3,7,1125,1
CUST00585,43,Female,22,Standard,144,46.47,55,8,0.0,2,3,8,492,0
CUST00586,25,Male,17,Basic,16,84.56,1,12,0.229,2,4,5,3036,0
CUST00587,46,Male,69,Standard,46,45.25,101,6,0.426,2,3,5,2526,1
CUST00588,43,Female,11,Premium,107,56.01,45,16,0.236,3,3,0,166,1
CUST00589,27,Male,15,Basic,88,80.68,175,5,0.189,2,1,4,4235,0
CUST00590,43,Female,35,Premium,129,83.92,26,7,0.269,1,1,2,4189,0
CUST00591,51,Male,33,Basic,139,39.32,121,10,0.197,2,3,6,575,1
CUST00592,68,Male,16,Basic,119,106.62,142,7,0.255,2,4,8,605,1
CUST00593,58,Female,34,Basic,85,92.16,46,10,0.147,3,3,5,3343,1
CUST00594,24,Male,66,Basic,4,53.86,122,6,0.416,2,3,4,1818,0
CUST00595,21,Female,40,Premium,71,28.87,31,8,0.463,3,3,6,1155,0
CUST00596,67,Male,28,Basic,111,70.65,59,10,0.23,1,5,8,4679,1
CUST00597,62,Male,47,Standard,50,61.62,29,5,0.042,3,4,4,815,1
CUST00598,28,Male,39,Basic,140,78.39,106,6,0.171,3,2,4,2640,0
CUST00599,46,Female,70,Standard,95,64.11,17,10,0.222,4,3,9,1535,1
CUST00600,53,Male,20,Standard,92,14.78,142,3,0.326,3,2,3,2733,0
CUST00601,42,Female,1,Basic,65,63.35,164,1,0.099,2,4,4,962,1
CUST00602,38,Male,63,Basic,47,65.83,24,5,0.135,1,3,6,3034,1
CUST00603,53,Female,67,Premium,106,94.01,109,14,0.327,5,2,2,2047,0
CUST00604,27,Male,4,Basic,130,54.05,91,8,0.391,0,2,3,4541,0
CUST00605,54,Female,58,Standard,106,125.36,25,7,0.157,0,4,8,3860,0
CUST00606,26,Female,25,Basic,24,17.65,32,7,0.05,3,3,1,1514,0
CUST00607,41,Female,47,Standard,4,114.34,116,11,0.743,4,5,7,3351,0
CUST00608,52,Female,38,Basic,108,68.27,82,8,0.367,2,4,8,1067,0
CUST00609,66,Female,15,Standard,19,100.79,110,2,0.21,5,5,4,881,0
CUST00610,52,Female,63,Basic,40,77.39,146,14,0.38,1,3,6,3639,0
CUST00611,65,Male,21,Premium,50,109.19,37,9,0.231,0,2,5,1549,0
CUST00612,53,Male,57,Basic,75,63.38,26,5,0.38,3,4,0,2737,1
CUST00613,35,Female,53,Standard,12,42.04,137,11,0.274,2,4,7,4557,0
CUST00614,66,Female,46,Standard,27,117.62,64,7,0.264,2,4,8,100,0
CUST00615,56,Female,14,Basic,113,71.6,72,6,0.233,1,1,9,3532,0
CUST00616,49,Female,17,Standard,49,81.65,148,9,0.033,2,3,0,2816,0
CUST00617,41,Male,39,Basic,144,112.04,106,9,0.541,2,1,7,407,0
CUST00618,40,Male,9,Premium,130,44.04,86,7,0.109,5,4,2,2515,0
CUST00619,49,Female,6,Premium,60,92.86,158,5,0.046,3,4,5,1739,0
CUST00620,54,Male,23,Premium,30,57.3,53,6,0.218,0,5,9,4052,0
CUST00621,29,Male,59,Basic,84,71.03,92,7,0.106,4,1,7,258,0
CUST00622,66,Female,46,Standard,28,77.17,99,13,0.242,1,2,4,508,0
CUST00623,30,Male,38,Standard,25,29.99,11,7,0.353,5,3,7,3821,0
CUST00624,40,Female,14,Premium,96,51.63,31,8,0.399,1,2,6,4404,0
CUST00625,42,Male,62,Standard,125,115.53,177,2,0.372,5,2,6,3683,0
CUST00626,52,Female,35,Premium,10,101.59,100,8,0.204,1,3,6,4720,1
CUST00627,58,Male,19,Standard,42,73.12,87,4,0.257,1,4,8,3726,1
CUST00628,47,Male,30,Standard,40,82.29,147,10,0.311,3,5,5,678,0
CUST00629,34,Male,25,Basic,77,66.17,140,11,0.0,1,4,5,1283,0
CUST00630,66,Male,40,Standard,105,115.7,15,7,0.336,1,4,8,4837,0
CUST00631,37,Male,14,Standard,118,68.99,159,11,0.031,2,1,5,906,0
CUST00632,65,Male,26,Standard,42,81.96,171,10,0.556,3,2,6,267,1
CUST00633,42,Female,22,Standard,47,109.38,101,11,0.189,1,2,6,3103,0
CUST00634,39,Male,48,Standard,22,51.68,165,12,0.222,4,2,1,4906,1
CUST00635,30,Female,51,Basic,107,121.76,29,7,0.135,0,5,7,1200,1
CUST00636,36,Female,3,Standard,27,29.09,114,7,0.156,2,5,5,1116,0
CUST00637,66,Female,42,Standard,41,123.89,107,8,0.591,1,5,3,898,1
CUST00638,53,Male,19,Standard,80,63.82,154,10,0.391,2,3,6,2790,0
CUST00639,29,Female,28,Basic,89,67.72,108,11,0.018,2,5,7,2644,0
CUST00640,58,Male,45,Basic,66,18.3,130,10,0.476,2,1,0,1058,0
CUST00641,36,Male,71,Basic,12,61.36,84,9,0.429,3,1,9,687,0
CUST00642,29,Female,63,Standard,73,43.81,15,3,0.208,3,4,3,787,0
CUST00643,26,Male,19,Basic,76,56.77,132,7,0.296,3,4,3,4494,1
CUST00644,24,Female,47,Standard,90,70.88,50,3,0.248,2,4,9,2644,0
CUST00645,45,Female,14,Premium,10,103.73,166,10,0.546,4,4,8,2164,0
CUST00646,31,Female,38,Basic,96,81.23,23,7,0.131,3,1,5,4457,0
CUST00647,48,Female,53,Standard,20,84.23,59,6,0.272,6,4,3,203,1
CUST00648,69,Male,61,Standard,39,42.13,90,11,0.186,3,1,0,3217,0
CUST00649,36,Male,36,Premium,60,48.58,115,7,0.035,1,5,7,2491,0
CUST00650,64,Female,40,Standard,66,128.96,75,12,0.579,2,5,8,4822,0
CUST00651,33,Male,30,Standard,65,52.94,156,4,0.073,7,3,4,2038,1
CUST00652,22,Male,9,Premium,124,124.69,123,8,0.283,2,4,4,3368,0
CUST00653,52,Male,64,Standard,130,67.71,136,8,0.0,1,5,9,3558,0
CUST00654,29,Male,33,Premium,57,75.07,157,4,0.19,5,5,7,4057,0
CUST00655,42,Male,52,Basic,78,107.11,139,11,0.313,3,2,7,4862,0
CUST00656,69,Male,14,Premium,29,113.16,18,7,0.126,5,2,4,1226,0
CUST00657,38,Female,53,Standard,15,71.68,50,8,0.338,2,1,3,4490,0
CUST00658,53,Female,59,Standard,12,63.35,142,11,0.21,0,3,5,4343,0
CUST00659,40,Female,41,Basic,101,73.32,118,3,0.424,0,2,9,3511,0
CUST00660,33,Male,68,Standard,84,85.14,137,10,0.454,1,3,4,913,0
CUST00661,56,Male,68,Basic,125,101.74,139,11,0.162,2,5,7,1419,0
CUST00662,62,Male,8,Premium,103,75.13,108,3,0.262,3,1,8,2703,0
CUST00663,59,Female,2,Premium,24,93.57,67,10,0.278,2,3,0,355,0
CUST00664,56,Female,41,Basic,149,124.15,167,9,0.343,2,2,8,3472,0
CUST00665,31,Male,55,Premium,138,86.44,78,8,0.252,3,5,8,240,1
CUST00666,48,Female,16,Standard,110,84.35,156,9,0.279,1,4,5,1910,0
CUST00667,22,Male,62,Standard,78,29.43,75,7,0.213,7,5,9,2276,1
CUST00668,52,Female,48,Basic,101,10.0,39,6,0.267,2,2,4,620,0
CUST00669,40,Female,30,Basic,146,86.65,25,10,0.445,6,2,6,854,0
CUST00670,46,Female,12,Basic,142,72.16,21,12,0.347,1,4,7,3743,0
CUST00671,60,Female,35,Basic,128,59.56,138,8,0.355,0,5,8,2314,0
CUST00672,28,Female,11,Premium,58,82.31,171,9,0.358,1,3,8,3200,0
CUST00673,35,Male,64,Basic,76,73.19,15,11,0.227,6,3,9,3624,0
CUST00674,64,Female,50,Premium,36,108.83,48,9,0.298,2,5,2,1060,0
CUST00675,29,Male,21,Basic,22,77.58,86,6,0.087,2,3,7,381,0
CUST00676,26,Female,69,Standard,127,52.59,149,8,0.44,1,5,0,1132,0
CUST00677,27,Female,48,Standard,80,104.7,116,6,0.0,1,5,6,2476,1
CUST00678,61,Female,20,Premium,100,68.49,50,9,0.237,1,2,4,3135,0
CUST00679,34,Male,67,Basic,96,90.8,151,7,0.421,1,1,1,2838,0
CUST00680,55,Female,44,Standard,148,60.68,141,7,0.045,2,2,1,2079,0
CUST00681,24,Female,33,Standard,18,55.51,69,6,0.31,2,3,7,944,0
CUST00682,63,Female,61,Basic,38,77.53,4,9,0.148,2,1,4,3962,0
CUST00683,30,Male,9,Basic,109,75.38,78,13,0.195,0,5,2,4201,1
CUST00684,57,Male,68,Standard,123,89.39,9,5,0.392,1,3,0,2529,0
CUST00685,59,Male,35,Standard,144,66.94,121,2,0.28,4,4,6,4301,0
CUST00686,26,Male,65,Standard,149,19.91,115,5,0.0,5,3,2,3318,1
CUST00687,67,Female,8,Basic,104,62.02,163,6,0.104,2,1,6,834,0
CUST00688,44,Male,45,Standard,140,98.81,101,9,0.396,4,1,1,3750,0
CUST00689,19,Female,47,Standard,144,66.08,149,11,0.317,0,5,3,4184,0
CUST00690,22,Male,40,Standard,81,67.61,146,9,0.512,3,4,1,3387,1
CUST00691,46,Male,54,Premium,87,104.59,97,5,0.502,6,5,3,4991,0
CUST00692,54,Female,46,Standard,142,53.64,81,10,0.199,0,4,4,4238,1
CUST00693,55,Female,47,Standard,61,28.72,43,5,0.625,6,4,7,206,1
CUST00694,36,Female,15,Basic,46,70.18,95,14,0.254,2,5,1,3534,0
CUST00695,25,Female,19,Standard,32,60.47,6,5,0.106,3,3,9,2052,0
CUST00696,65,Female,26,Basic,15,46.01,67,8,0.155,3,2,2,4306,0
CUST00697,62,Male,52,Standard,44,69.74,140,6,0.0,0,4,9,28,1
CUST00698,18,Female,22,Standard,145,89.75,100,13,0.491,1,1,4,1213,0
CUST00699,39,Female,21,Premium,54,74.72,12,8,0.489,1,5,8,187,0
CUST00700,69,Female,51,Basic,44,84.21,66,6,0.098,1,3,9,1860,0
CUST00701,34,Male,38,Standard,98,129.4,2,7,0.216,2,4,4,2572,1
CUST00702,24,Female,20,Standard,5,64.71,143,5,0.264,6,3,8,4014,0
CUST00703,42,Male,29,Basic,109,83.35,151,11,0.106,2,5,3,4252,0
CUST00704,62,Male,51,Basic,27,59.72,157,11,0.0,3,1,9,2127,0
CUST00705,21,Male,4,Basic,116,49.61,81,9,0.218,2,4,4,1891,0
CUST00706,53,Male,55,Basic,87,57.45,135,5,0.202,7,4,8,2707,0
CUST00707,23,Female,71,Basic,104,60.64,156,11,0.192,3,3,3,1741,0
CUST00708,48,Female,28,Basic,123,85.78,142,6,0.283,1,5,4,2673,0
CUST00709,36,Female,4,Basic,79,145.47,172,10,0.464,2,2,4,1813,0
CUST00710,61,Male,22,Standard,43,53.52,158,4,0.205,2,4,3,4327,0
CUST00711,56,Male,45,Standard,97,62.5,160,7,0.276,2,1,3,159,1
CUST00712,44,Male,67,Premium,31,73.11,70,11,0.359,1,4,4,343,1
CUST00713,27,Female,66,Standard,99,86.87,115,10,0.333,1,4,5,204,1
CUST00714,43,Male,34,Standard,17,82.91,88,7,0.158,1,2,6,3042,0
CUST00715,36,Female,55,Premium,83,113.52,6,10,0.264,1,2,5,2885,0
CUST00716,56,Female,1,Standard,110,10.0,27,8,0.332,2,5,0,304,0
CUST00717,20,Male,38,Standard,32,10.0,82,3,0.081,2,4,1,2717,0
CUST00718,62,Female,6,Standard,141,60.12,88,7,0.44,2,4,6,3941,0
CUST00719,30,Female,25,Basic,35,107.92,120,6,0.465,0,3,2,399,1
CUST00720,67,Female,17,Basic,133,28.03,24,8,0.142,2,3,9,3520,0
CUST00721,45,Female,61,Standard,29,10.0,102,9,0.279,5,1,1,985,0
CUST00722,37,Male,12,Standard,70,92.14,34,10,0.346,2,1,5,1805,1
CUST00723,45,Male,6,Basic,95,82.31,168,12,0.168,2,3,3,2096,1
CUST00724,25,Female,27,Premium,22,42.29,47,10,0.322,2,1,4,4301,1
CUST00725,58,Female,8,Standard,69,45.43,24,7,0.274,2,4,5,1459,0
CUST00726,56,Male,65,Standard,89,45.91,65,7,0.03,2,2,2,1345,1
CUST00727,18,Female,57,Premium,72,78.32,18,13,0.319,4,4,0,230,0
CUST00728,20,Female,40,Standard,129,56.21,44,8,0.085,4,3,2,3782,0
CUST00729,30,Female,14,Premium,87,89.82,76,13,0.391,3,5,2,3500,0
CUST00730,45,Male,35,Standard,96,10.0,57,5,0.149,2,5,5,882,0
CUST00731,66,Female,48,Basic,75,49.29,107,7,0.226,1,3,3,2773,0
CUST00732,42,Female,56,Standard,54,41.22,156,9,0.456,1,4,6,2331,0
CUST00733,50,Male,49,Standard,88,67.31,124,3,0.324,2,1,1,432,1
CUST00734,55,Male,13,Standard,54,58.86,151,11,0.088,3,1,3,1208,1
CUST00735,23,Female,61,Premium,16,98.94,162,5,0.098,2,5,7,2680,0
CUST00736,61,Male,49,Standard,99,19.22,139,6,0.16,2,3,5,2263,0
CUST00737,62,Female,46,Standard,20,76.36,163,8,0.309,2,3,9,3002,0
CUST00738,49,Female,62,Premium,46,91.75,116,4,0.304,4,2,2,2412,0
CUST00739,62,Male,8,Standard,127,130.7,93,5,0.124,4,5,9,1817,1
CUST00740,64,Female,43,Standard,58,60.55,42,15,0.075,4,3,1,617,0
CUST00741,38,Male,20,Premium,111,84.73,28,4,0.292,4,2,2,4492,1
CUST00742,33,Female,39,Basic,129,20.88,123,5,0.223,1,1,0,2505,1
CUST00743,38,Male,49,Standard,81,10.0,24,14,0.574,1,5,0,317,0
CUST00744,28,Female,64,Premium,84,100.34,136,5,0.255,0,5,1,456,0
CUST00745,54,Male,62,Standard,70,74.83,106,12,0.522,1,3,2,500,1
CUST00746,53,Male,54,Standard,8,110.36,118,13,0.074,2,3,8,4418,0
CUST00747,52,Female,9,Standard,29,33.8,53,5,0.014,4,4,7,2315,0
CUST00748,36,Male,37,Standard,112,90.6,132,6,0.082,2,1,8,3874,1
CUST00749,37,Female,49,Premium,131,131.06,100,8,0.428,2,1,6,4973,0
CUST00750,35,Male,41,Basic,108,87.59,5,8,0.513,4,2,6,4774,0
CUST00751,64,Female,17,Basic,109,83.3,49,6,0.133,1,2,4,1003,0
CUST00752,58,Male,21,Basic,20,75.26,98,3,0.181,1,4,6,4250,0
CUST00753,66,Female,51,Standard,73,27.87,30,10,0.075,3,1,3,4196,1
CUST00754,31,Male,59,Standard,4,115.67,72,6,0.0,1,2,4,1066,0
CUST00755,32,Male,39,Premium,19,56.67,103,7,0.358,2,1,0,4716,0
CUST00756,48,Male,55,Standard,102,90.13,63,4,0.283,1,1,3,1628,0
CUST00757,18,Male,41,Standard,141,28.11,175,7,0.252,0,2,2,3234,1
CUST00758,20,Female,39,Basic,141,39.62,26,10,0.04,4,3,1,2281,0
CUST00759,33,Male,13,Standard,86,118.05,37,4,0.496,1,3,1,4498,0
CUST00760,40,Female,64,Standard,52,64.58,7,10,0.174,2,2,7,2398,0
CUST00761,28,Male,11,Basic,111,118.6,127,7,0.33,0,4,0,3238,0
CUST00762,29,Male,19,Basic,109,72.65,168,11,0.032,1,5,7,4354,0
CUST00763,27,Female,11,Basic,86,19.74,92,9,0.221,1,1,8,3669,0
CUST00764,49,Female,46,Basic,43,101.76,167,7,0.294,0,5,5,4715,0
CUST00765,33,Male,45,Standard,42,57.3,103,9,0.299,0,2,0,1465,0
CUST00766,25,Male,1,Basic,90,95.96,53,6,0.273,4,1,9,1961,0
CUST00767,55,Male,40,Standard,115,75.76,132,8,0.324,1,5,6,875,0
CUST00768,29,Female,19,Premium,26,28.71,108,6,0.08,0,3,4,4069,0
CUST00769,41,Female,61,Standard,43,79.93,112,8,0.28,0,4,8,3901,1
CUST00770,45,Male,12,Premium,77,140.89,153,10,0.267,4,5,6,542,0
CUST00771,25,Female,61,Standard,137,89.79,7,9,0.285,4,4,4,3516,1
CUST00772,45,Female,33,Standard,20,73.27,156,7,0.261,2,3,1,3865,0
CUST00773,53,Female,45,Premium,39,107.26,67,13,0.059,2,5,3,4548,1
CUST00774,43,Female,69,Basic,12,81.32,108,9,0.052,1,2,1,4499,0
CUST00775,25,Male,8,Premium,11,81.29,111,10,0.0,1,1,8,1018,0
CUST00776,67,Male,25,Basic,42,42.25,148,7,0.373,1,3,1,1428,1
CUST00777,45,Male,46,Standard,11,82.02,83,9,0.374,5,4,1,4978,0
CUST00778,45,Male,30,Basic,38,106.06,124,7,0.377,0,4,1,574,1
CUST00779,54,Female,47,Standard,98,49.92,139,9,0.296,5,3,0,1458,0
CUST00780,58,Female,49,Standard,19,117.73,104,10,0.0,1,2,8,1499,0
CUST00781,53,Male,47,Standard,134,72.25,67,6,0.096,1,2,7,1491,0
CUST00782,44,Male,18,Basic,116,48.37,7,6,0.276,0,4,1,3172,0
CUST00783,34,Male,66,Basic,113,104.93,151,1,0.27,1,3,1,2470,0
CUST00784,26,Female,68,Basic,65,66.4,110,10,0.217,2,3,4,3427,0
CUST00785,50,Male,33,Basic,99,97.79,34,5,0.305,2,1,3,2515,0
CUST00786,37,Female,36,Premium,72,66.25,106,13,0.252,0,4,1,3551,0
CUST00787,30,Male,19,Basic,52,73.21,147,13,0.268,3,2,7,4206,0
CUST00788,45,Male,28,Premium,118,89.81,58,11,0.154,3,5,7,2200,1
CUST00789,65,Female,40,Premium,120,83.73,9,9,0.397,3,2,3,2964,0
CUST00790,46,Female,15,Basic,7,15.13,48,7,0.185,1,2,3,3313,1
CUST00791,30,Male,41,Standard,11,41.36,115,6,0.05,1,5,8,2927,0
CUST00792,63,Female,39,Basic,103,102.88,41,9,0.134,2,4,3,681,0
CUST00793,52,Female,2,Basic,61,71.04,48,8,0.198,0,1,9,4864,1
CUST00794,23,Female,63,Basic,68,59.29,173,6,0.399,2,2,8,278,1
CUST00795,35,Male,29,Standard,140,34.24,25,10,0.244,2,2,2,4458,0
CUST00796,68,Female,66,Standard,102,42.61,116,9,0.222,1,4,1,1648,1
CUST00797,22,Female,51,Standard,110,14.35,78,7,0.063,0,4,7,4696,0
CUST00798,64,Female,10,Standard,140,71.96,108,10,0.368,3,3,2,1158,0
CUST00799,42,Male,14,Basic,51,57.05,25,8,0.152,2,4,1,2341,0
CUST00800,19,Male,51,Standard,117,46.0,147,6,0.235,1,4,7,1518,0
CUST00801,27,Male,39,Standard,46,72.96,39,7,0.472,1,2,7,1838,0
CUST00802,47,Female,28,Basic,53,85.92,119,10,0.326,1,1,4,870,0
CUST00803,67,Male,3,Basic,88,137.8,79,5,0.006,0,2,8,3277,0
CUST00804,62,Female,70,Standard,121,29.64,80,9,0.0,3,4,5,1341,0
CUST00805,22,Female,27,Basic,13,109.78,27,5,0.24,3,3,4,2306,0
CUST00806,50,Male,2,Standard,89,104.19,104,8,0.068,2,1,2,1171,1
CUST00807,18,Female,38,Basic,125,51.63,74,4,0.347,2,3,6,4072,0
CUST00808,35,Male,3,Basic,118,81.1,68,7,0.256,1,5,8,1128,1
CUST00809,49,Female,16,Basic,54,61.27,147,5,0.275,6,3,3,3627,0
CUST00810,64,Male,40,Basic,116,80.57,28,16,0.144,1,3,6,3999,0
CUST00811,66,Female,2,Standard,118,120.27,123,2,0.511,3,4,2,3887,0
CUST00812,28,Female,41,Standard,4,93.17,161,8,0.676,1,4,1,1284,1
CUST00813,38,Female,12,Standard,75,90.26,138,9,0.208,2,4,0,570,0
CUST00814,43,Female,35,Premium,49,62.09,83,11,0.303,1,4,5,2864,0
CUST00815,42,Female,65,Standard,7,30.48,30,8,0.265,0,4,4,3984,0
CUST00816,39,Female,55,Standard,110,68.75,22,6,0.211,2,3,1,3141,0
CUST00817,44,Female,45,Basic,122,111.2,3,11,0.125,1,5,2,1977,0
CUST00818,66,Female,62,Standard,11,29.18,101,7,0.087,2,4,8,446,1
CUST00819,30,Male,49,Standard,92,43.35,105,10,0.08,1,5,2,4878,0
CUST00820,50,Female,25,Basic,23,78.79,176,10,0.311,3,5,6,1280,0
CUST00821,51,Female,23,Standard,28,45.46,2,8,0.172,1,2,0,636,0
CUST00822,58,Female,24,Basic,111,51.22,54,7,0.0,2,2,6,2973,1
CUST00823,52,Male,38,Standard,57,62.29,6,3,0.317,3,1,8,4626,0
CUST00824,18,Female,28,Premium,26,34.03,107,13,0.244,6,2,7,118,0
CUST00825,38,Male,21,Premium,54,45.78,168,7,0.452,4,4,6,4161,0
CUST00826,65,Female,54,Standard,29,96.1,123,7,0.306,2,5,9,2292,0
CUST00827,23,Male,18,Standard,97,35.78,2,12,0.028,2,1,7,2104,0
CUST00828,45,Female,36,Standard,14,27.06,111,5,0.0,0,2,3,1067,1
CUST00829,34,Female,45,Standard,78,56.1,2,7,0.142,2,3,1,423,0
CUST00830,22,Male,53,Basic,35,96.96,93,7,0.156,4,1,8,3819,1
CUST00831,48,Female,30,Standard,30,69.09,101,6,0.391,1,4,2,4490,1
CUST00832,22,Male,60,Standard,92,61.06,97,9,0.249,2,5,3,1280,0
CUST00833,55,Female,32,Premium,17,76.33,111,6,0.42,1,4,6,1819,0
CUST00834,20,Female,67,Standard,93,22.63,6,7,0.051,3,4,1,3432,0
CUST00835,40,Female,67,Standard,79,89.84,127,11,0.395,4,3,7,762,0
CUST00836,54,Female,28,Standard,110,86.5,104,10,0.358,1,3,9,1629,0
CUST00837,54,Female,44,Standard,102,62.72,147,4,0.0,1,5,7,442,0
CUST00838,27,Male,41,Standard,106,105.18,155,11,0.448,2,2,4,3014,1
CUST00839,27,Male,63,Basic,47,41.18,1,9,0.264,3,4,8,2581,0
CUST00840,36,Female,23,Standard,64,108.84,33,11,0.309,1,2,7,1497,1
CUST00841,34,Female,48,Premium,64,79.63,40,4,0.12,3,5,0,4252,0
CUST00842,38,Female,32,Standard,87,64.9,32,7,0.441,5,4,8,88,0
CUST00843,31,Female,57,Basic,7,74.4,17,7,0.072,4,2,4,2249,1
CUST00844,26,Male,33,Standard,22,71.78,126,12,0.375,1,4,8,979,1
CUST00845,63,Female,24,Premium,81,111.61,8,7,0.373,2,3,8,461,0
CUST00846,18,Male,39,Basic,74,42.7,57,14,0.104,1,3,9,3552,0
CUST00847,68,Female,34,Standard,138,52.12,42,7,0.548,2,1,9,2756,0
CUST00848,62,Male,56,Premium,135,106.09,98,3,0.285,1,5,2,3628,0
CUST00849,30,Male,28,Standard,125,57.13,137,9,0.348,1,2,7,2501,0
CUST00850,21,Male,37,Premium,50,102.02,120,13,0.021,5,4,6,379,0
CUST00851,18,Male,7,Standard,52,125.98,87,6,0.568,1,1,6,4496,0
CUST00852,66,Female,68,Standard,1,62.95,163,5,0.066,3,5,9,4646,1
CUST00853,57,Male,37,Standard,4,95.44,54,6,0.404,3,5,1,2983,0
CUST00854,49,Male,56,Basic,145,40.39,84,5,0.101,4,5,1,3060,0
CUST00855,51,Male,65,Basic,132,97.64,25,5,0.157,7,2,1,2950,0
CUST00856,45,Male,65,Standard,4,80.98,67,6,0.368,2,3,1,4540,0
CUST00857,48,Male,47,Basic,1,89.19,174,15,0.404,4,1,3,3730,0
CUST00858,25,Male,20,Standard,71,55.63,152,7,0.059,2,2,6,4424,1
CUST00859,56,Female,19,Premium,35,25.17,46,9,0.414,2,4,1,1931,0
CUST00860,43,Female,29,Premium,8,90.1,22,10,0.407,2,2,4,3421,1
CUST00861,51,Female,60,Standard,36,13.1,139,10,0.109,1,4,6,1990,1
CUST00862,20,Male,18,Premium,123,65.48,176,7,0.49,1,4,8,4865,0
CUST00863,67,Male,35,Standard,43,103.24,8,9,0.031,6,5,7,3856,0
CUST00864,29,Female,43,Standard,27,80.76,39,6,0.156,2,2,8,1482,0
CUST00865,18,Female,11,Basic,32,133.45,163,7,0.322,1,3,6,2545,0
CUST00866,61,Male,49,Standard,78,105.75,49,9,0.122,1,4,2,4220,0
CUST00867,22,Male,38,Standard,121,55.38,46,7,0.29,6,5,0,4299,0
CUST00868,47,Male,64,Standard,146,75.82,38,5,0.286,4,3,9,2815,0
CUST00869,47,Male,69,Standard,16,73.58,136,9,0.222,2,2,6,642,0
CUST00870,34,Male,8,Basic,99,27.53,54,5,0.375,1,3,5,4685,0
CUST00871,65,Female,34,Standard,47,46.79,165,8,0.216,2,2,1,3918,0
CUST00872,64,Female,48,Premium,31,58.18,92,5,0.285,0,4,0,1586,0
CUST00873,40,Female,56,Standard,4,13.91,40,12,0.422,0,1,9,2409,0
CUST00874,32,Female,65,Premium,17,76.42,34,6,0.369,5,1,3,3849,0
CUST00875,54,Female,31,Premium,39,67.53,96,9,0.368,0,4,3,54,0
CUST00876,38,Female,4,Premium,48,24.81,79,1,0.078,0,3,5,841,0
CUST00877,31,Female,50,Premium,39,87.13,127,9,0.329,4,2,4,4587,0
CUST00878,19,Male,69,Premium,132,96.48,17,8,0.118,1,1,8,984,0
CUST00879,28,Male,30,Standard,30,81.81,161,10,0.058,2,2,7,2620,0
CUST00880,68,Male,59,Basic,22,65.28,175,10,0.239,3,4,8,2906,0
CUST00881,56,Female,67,Standard,66,92.74,110,5,0.114,3,3,9,1994,1
CUST00882,55,Female,45,Standard,108,95.41,52,12,0.369,2,2,6,1932,1
CUST00883,51,Male,4,Basic,12,84.22,118,3,0.372,5,3,8,2272,1
CUST00884,55,Female,26,Basic,36,50.26,9,6,0.0,3,1,2,102,0
CUST00885,67,Male,27,Premium,18,83.3,33,6,0.126,0,2,8,969,1
CUST00886,51,Female,46,Premium,90,110.86,113,8,0.031,5,5,1,1071,1
CUST00887,35,Male,64,Premium,1,57.1,149,4,0.181,2,1,8,736,0
CUST00888,47,Male,51,Standard,127,137.94,85,8,0.318,3,3,5,1365,0
CUST00889,32,Female,50,Basic,90,59.23,10,7,0.214,1,4,3,3630,0
CUST00890,44,Male,6,Basic,87,75.97,6,6,0.162,2,5,1,227,0
CUST00891,68,Male,59,Basic,90,54.83,115,5,0.445,0,2,9,3570,0
CUST00892,51,Male,15,Basic,134,81.7,121,12,0.0,2,1,2,444,0
CUST00893,69,Female,30,Basic,70,22.73,141,14,0.436,1,2,4,1619,1
CUST00894,55,Female,42,Premium,44,58.62,65,10,0.168,2,2,8,4693,0
CUST00895,50,Male,37,Standard,86,42.24,20,7,0.238,3,5,6,2204,1
CUST00896,41,Female,42,Basic,19,79.06,57,3,0.171,2,5,2,2703,0
CUST00897,32,Female,35,Basic,101,104.83,46,4,0.481,2,5,3,3050,1
CUST00898,47,Male,6,Standard,146,94.38,136,14,0.065,1,5,1,3502,0
CUST00899,59,Male,68,Basic,95,10.0,10,6,0.252,2,4,7,3626,1
CUST00900,68,Male,18,Premium,101,136.26,113,10,0.329,2,3,5,1181,1
CUST00901,34,Male,29,Standard,30,83.86,139,10,0.008,4,5,2,3256,0
CUST00902,22,Female,59,Standard,33,51.71,12,10,0.112,1,1,4,797,1
CUST00903,46,Male,47,Basic,12,79.71,138,9,0.228,3,2,4,834,0
CUST00904,21,Female,17,Basic,118,80.29,153,9,0.117,1,5,0,2999,0
CUST00905,27,Female,22,Standard,94,54.99,177,5,0.128,2,1,4,2032,0
CUST00906,34,Male,68,Standard,137,80.94,177,8,0.198,2,4,5,4452,0
CUST00907,27,Female,69,Standard,149,56.78,11,6,0.347,0,1,9,2764,0
CUST00908,34,Male,37,Basic,76,62.87,118,10,0.199,1,1,9,2409,0
CUST00909,37,Female,49,Standard,29,54.41,164,11,0.412,3,4,1,3684,0
CUST00910,41,Female,13,Standard,117,32.02,39,9,0.1,3,4,2,3275,1
CUST00911,22,Female,34,Premium,15,79.38,53,8,0.062,2,2,9,7,1
CUST00912,51,Female,53,Basic,2,92.56,56,9,0.539,1,5,4,2519,1
CUST00913,23,Male,51,Basic,117,90.45,104,5,0.151,1,1,2,2219,0
CUST00914,19,Female,3,Standard,18,99.6,129,12,0.053,0,3,4,3874,0
CUST00915,30,Female,42,Standard,3,84.73,56,5,0.0,1,3,4,3728,0
CUST00916,60,Female,32,Standard,135,59.02,118,10,0.411,2,2,7,3329,0
CUST00917,60,Female,51,Standard,108,100.19,132,9,0.199,0,3,9,3371,0
CUST00918,65,Female,46,Standard,95,34.27,30,14,0.212,3,2,8,613,0
CUST00919,28,Male,21,Premium,122,47.98,12,11,0.226,2,5,7,688,0
CUST00920,68,Male,44,Standard,11,46.07,35,10,0.402,4,2,2,897,0
CUST00921,64,Female,11,Premium,68,107.4,77,14,0.223,1,4,0,109,0
CUST00922,40,Male,68,Standard,123,103.28,159,10,0.602,4,4,2,4805,1
CUST00923,33,Female,1,Premium,113,89.62,102,8,0.27,2,4,0,3012,0
CUST00924,48,Female,63,Premium,98,107.16,87,7,0.409,1,4,8,2918,0
CUST00925,28,Male,24,Basic,93,48.62,52,10,0.371,5,4,2,1160,1
CUST00926,33,Male,13,Premium,22,85.46,80,6,0.245,5,4,7,3981,0
CUST00927,25,Female,11,Basic,127,71.24,135,8,0.162,2,4,5,3610,0
CUST00928,21,Male,51,Premium,134,100.41,22,7,0.3,2,4,2,4744,0
CUST00929,57,Female,17,Standard,25,71.54,75,12,0.327,3,4,8,2003,0
CUST00930,21,Male,24,Basic,85,63.45,58,4,0.164,3,5,7,1527,0
CUST00931,42,Female,19,Standard,55,91.23,93,11,0.275,2,4,2,1913,0
CUST00932,20,Male,37,Premium,144,101.29,103,10,0.435,3,2,6,4341,0
CUST00933,49,Female,8,Basic,95,54.95,140,8,0.56,2,5,4,3181,0
CUST00934,20,Male,28,Standard,142,73.17,7,8,0.378,0,3,1,4893,0
CUST00935,44,Female,5,Standard,119,43.25,128,13,0.529,2,1,7,3346,0
CUST00936,46,Male,17,Premium,9,10.0,55,11,0.156,4,5,0,2863,0
CUST00937,49,Female,36,Standard,42,81.01,106,9,0.355,0,4,3,4610,1
CUST00938,67,Female,19,Basic,53,93.27,62,6,0.451,4,5,3,505,0
CUST00939,68,Male,64,Basic,74,82.86,90,2,0.116,0,1,9,4250,0
CUST00940,36,Male,11,Standard,39,16.51,98,11,0.177,2,1,4,2006,0
CUST00941,38,Male,54,Standard,122,64.47,77,7,0.511,0,4,3,4206,0
CUST00942,22,Female,45,Premium,15,10.0,119,15,0.104,1,4,0,2855,1
CUST00943,35,Female,47,Basic,123,116.09,36,6,0.049,2,2,6,3964,0
CUST00944,45,Female,12,Standard,111,42.42,89,8,0.479,1,1,9,1674,0
CUST00945,59,Male,21,Basic,131,112.66,152,5,0.43,4,4,1,1190,1
CUST00946,39,Male,11,Basic,83,103.38,172,10,0.315,2,1,9,2392,0
CUST00947,38,Female,5,Standard,10,47.98,145,5,0.243,0,2,2,1921,1
CUST00948,23,Female,56,Standard,92,41.02,130,4,0.184,1,3,4,4389,0
CUST00949,18,Female,20,Standard,29,85.51,141,5,0.292,4,1,7,2692,0
CUST00950,22,Male,41,Premium,35,49.67,159,9,0.487,6,2,9,4433,0
CUST00951,58,Female,46,Standard,6,78.07,93,10,0.286,1,2,7,1827,1
CUST00952,29,Male,12,Premium,140,60.52,114,10,0.575,3,2,1,2499,1
CUST00953,43,Male,70,Premium,111,21.57,28,4,0.115,2,5,8,716,0
CUST00954,63,Female,17,Standard,38,10.0,155,11,0.247,0,4,5,630,0
CUST00955,51,Female,19,Premium,77,81.8,143,9,0.194,4,1,8,4860,0
CUST00956,66,Female,26,Standard,93,58.15,33,6,0.087,3,5,3,84,0
CUST00957,31,Male,48,Basic,147,58.41,20,12,0.227,0,1,2,3768,0
CUST00958,43,Male,52,Standard,67,95.88,170,8,0.313,0,5,4,736,1
CUST00959,62,Female,70,Basic,136,110.2,140,7,0.329,2,4,4,2707,1
CUST00960,44,Female,55,Standard,8,66.82,101,5,0.576,3,2,3,226,1
CUST00961,26,Male,33,Standard,122,64.78,23,10,0.32,2,1,6,3357,0
CUST00962,43,Male,62,Basic,84,90.0,112,9,0.423,2,2,7,1307,0
CUST00963,64,Male,23,Basic,132,34.29,14,8,0.26,1,4,4,4204,0
CUST00964,39,Female,15,Premium,85,81.69,91,9,0.502,3,1,8,4230,1
CUST00965,64,Male,27,Standard,45,91.56,153,7,0.61,3,3,6,4386,0
CUST00966,47,Male,64,Basic,136,95.41,77,2,0.33,1,3,6,3958,0
CUST00967,60,Male,51,Standard,87,16.9,85,4,0.101,1,3,7,1652,0
CUST00968,65,Male,53,Standard,16,52.16,109,7,0.168,2,4,3,1867,0
CUST00969,34,Male,51,Standard,77,48.65,31,4,0.292,3,3,9,26,0
CUST00970,43,Female,47,Premium,9,78.0,122,6,0.318,2,1,5,4649,1
CUST00971,53,Male,4,Standard,60,89.42,107,9,0.355,2,3,4,932,0
CUST00972,18,Female,7,Basic,78,119.9,54,4,0.319,1,1,0,3458,1
CUST00973,25,Male,35,Premium,77,60.15,133,10,0.251,4,4,8,466,0
CUST00974,66,Female,48,Premium,71,60.07,141,7,0.155,1,2,1,2700,1
CUST00975,52,Female,45,Basic,15,109.49,156,11,0.31,0,5,5,1498,1
CUST00976,69,Female,19,Basic,71,83.9,43,4,0.528,3,3,7,617,1
CUST00977,32,Female,63,Basic,102,113.03,89,16,0.403,0,5,2,3777,1
CUST00978,64,Male,38,Standard,22,83.66,115,8,0.33,2,2,4,4553,0
CUST00979,39,Male,67,Standard,113,40.29,99,5,0.404,3,4,6,2687,0
CUST00980,31,Female,59,Standard,1,35.01,47,8,0.194,3,4,3,1504,0
CUST00981,43,Female,69,Premium,10,28.45,71,4,0.174,3,2,4,3967,0
CUST00982,45,Female,13,Standard,110,94.86,166,8,0.138,1,5,0,179,1
CUST00983,40,Female,47,Basic,113,110.66,67,9,0.231,2,3,3,2585,0
CUST00984,31,Female,61,Basic,50,130.48,62,9,0.187,2,1,6,2069,1
CUST00985,41,Male,31,Standard,12,100.29,109,10,0.431,0,4,9,4858,1
CUST00986,19,Male,22,Basic,89,109.89,167,6,0.179,0,2,6,921,1
CUST00987,62,Female,43,Standard,112,57.6,37,7,0.13,2,5,9,3092,0
CUST00988,43,Female,67,Premium,78,40.31,119,9,0.541,2,3,9,4840,0
CUST00989,31,Male,54,Basic,121,100.5,86,7,0.182,3,5,3,1510,0
CUST00990,68,Female,10,Standard,23,87.53,126,11,0.273,3,3,5,3599,0
CUST00991,24,Male,42,Standard,134,78.22,136,2,0.318,1,1,4,3276,0
CUST00992,20,Female,64,Standard,25,86.62,52,17,0.079,2,1,0,2719,0
CUST00993,64,Male,21,Basic,18,84.7,91,12,0.435,1,2,7,4732,0
CUST00994,40,Male,66,Standard,141,113.51,33,8,0.346,1,2,6,1023,0
CUST00995,63,Female,41,Basic,43,113.85,81,3,0.484,0,3,4,151,1
CUST00996,60,Male,24,Premium,78,91.33,42,9,0.148,3,3,9,12,0
CUST00997,64,Female,35,Basic,28,100.37,112,9,0.265,2,3,9,714,1
CUST00998,62,Female,56,Standard,146,90.42,126,6,0.256,2,3,6,3150,0
CUST00999,35,Female,30,Standard,59,61.16,155,6,0.29,0,1,9,3625,0
CUST01000,55,Male,57,Premium,63,97.7,136,10,0.032,3,2,2,248,0
