SiteName,SiteEngNam,AreaName,County,Township,SiteAddres,TWD97Lon,TWD97Lat,SiteType,Name,PSI,PM,O3,SO2,CO,NO2
二林,Erlin,中部空品區,彰化縣,二林鎮,彰化縣二林鎮萬合里江山巷1號,120.409653,23.925175,一般測站,二林,62,75,40,5.8,0.47,12
三重,Sanchong,北部空品區,新北市,三重區,新北市三重區三和路重陽路交口,121.493806,25.072611,交通測站,三重,68,102,0,3,1.37,36
三義,Sanyi,竹苗空品區,苗栗縣,三義鄉,苗栗縣三義鄉西湖村上湖61-1號,120.758833,24.382942,一般測站,三義,45,56,32,1.9,0.36,6.3
土城,Tucheng,北部空品區,新北市,土城區,新北市土城區學府路一段241號,121.451861,24.982528,一般測站,土城,62,84,30,1.9,0.51,16
士林,Shilin,北部空品區,臺北市,北投區,臺北市北投區文林北路155號,121.515389,25.105417,一般測站,士林,50,61,32,1.8,0.41,11
大同,Datong,北部空品區,臺北市,大同區,臺北市大同區重慶北路三段2號,121.513311,25.0632,交通測站,大同,61,78,0,2.3,0.84,20
大里,Dali,中部空品區,臺中市,大里區,臺中市大里區大新街36號,120.677689,24.099611,一般測站,大里,42,50,37,2.4,0.62,19
大園,Dayuan,北部空品區,桃園市,大園區,桃園市大園區中正東路160號,121.201811,25.060344,一般測站,大園,62,85,35,3.3,0.37,12
大寮,Daliao,高屏空品區,高雄市,大寮區,高雄市大寮區潮寮路61號,120.425081,22.565747,一般測站,大寮,72,109,51,8.2,0.91,38
小港,Xiaogang,高屏空品區,高雄市,小港區,高雄市小港區平和南路185號,120.337736,22.565833,一般測站,小港,86,132,34,7.1,0.72,31
中山,Zhongshan,北部空品區,臺北市,中山區,臺北市中山區林森北路511號,121.526528,25.062361,一般測站,中山,52,81,14,2.4,1.06,33
中壢,Zhongli,北部空品區,桃園市,中壢區,桃園市中壢區延平路622號,121.221667,24.953278,交通測站,中壢,67,83,26,2.4,0.91,23
仁武,Renwu,高屏空品區,高雄市,仁武區,高雄市仁武區八卦里永仁街555號,120.332631,22.689056,一般測站,仁武,91,144,32,2.7,0.7,26
斗六,Douliu,雲嘉南空品區,雲林縣,斗六市,雲林縣斗六市民生路224號,120.544994,23.711853,一般測站,斗六,59,71,41,2.5,0.49,14
冬山,Dongshan,宜蘭空品區,宜蘭縣,冬山鄉,宜蘭縣冬山鄉南興村照安路26號,121.792928,24.632203,一般測站,冬山,50,49,29,2.1,0.33,12
古亭,Guting,北部空品區,臺北市,大安區,臺北市大安區羅斯福路三段153號,121.529556,25.020608,一般測站,古亭,45,87,21,0,0.67,24
左營,Zuoying,高屏空品區,高雄市,左營區,高雄市左營區翠華路687號,120.292917,22.674861,一般測站,左營,81,117,40,2.5,0.59,17
平鎮,Pingzhen,北部空品區,桃園市,平鎮區,桃園市平鎮區文化街189號,121.203986,24.952786,一般測站,平鎮,60,71,31,1.6,0.44,12
永和,Yonghe,北部空品區,新北市,永和區,新北市永和區永和路光復路交口,121.516306,25.017,交通測站,永和,45,68,12,3.1,1.49,36
安南,Annan,雲嘉南空品區,臺南市,安南區,臺南市安南區安和路三段193號,120.2175,23.048197,一般測站,安南,78,98,27,3.4,0.51,14
朴子,Puzi,雲嘉南空品區,嘉義縣,朴子市,嘉義縣朴子市光復路34號,120.24735,23.465308,一般測站,朴子,72,91,37,5,0.47,13
汐止,Xizhi,北部空品區,新北市,汐止區,新北市汐止區樟樹一路141巷2號,121.6423,25.067131,一般測站,汐止,54,78,30,6.5,0.49,16
竹山,Zhushan,中部空品區,南投縣,竹山鎮,南投縣竹山鎮大明路666號,120.677306,23.756389,一般測站,竹山,54,57,39,2.2,0.41,10
竹東,Zhudong,竹苗空品區,新竹縣,竹東鎮,新竹縣竹東鎮榮樂里三民街70號,121.088903,24.740644,一般測站,竹東,58,67,33,2.1,0.46,13
西屯,Xitun,中部空品區,臺中市,西屯區,臺中市西屯區安和路1號,120.616917,24.162197,一般測站,西屯,54,74,35,2.7,0.37,13
沙鹿,Shalu,中部空品區,臺中市,沙鹿區,臺中市沙鹿區英才路150號,120.568794,24.225628,一般測站,沙鹿,58,70,38,2.6,0.43,14
宜蘭,Yilan,宜蘭空品區,宜蘭縣,宜蘭市,宜蘭縣宜蘭市復興路二段77號,121.746394,24.747917,一般測站,宜蘭,37,42,32,2.3,0.37,10
忠明,Zhongming,中部空品區,臺中市,南屯區,臺中市南屯區公益路二段296號,120.641092,24.151958,一般測站,忠明,47,64,26,2.2,0.4,15
松山,Songshan,北部空品區,臺北市,松山區,臺北市松山區八德路四段746號,121.578611,25.05,一般測站,松山,47,81,18,3.8,0.57,26
板橋,Banqiao,北部空品區,新北市,板橋區,新北市板橋區文化路一段25號,121.458667,25.012972,一般測站,板橋,65,86,26,3.2,0.56,20
林口,Linkou,北部空品區,新北市,林口區,新北市林口區民治路25號,121.376869,25.077197,一般測站,林口,0,0,0,0,0,0
林園,Linyuan,高屏空品區,高雄市,林園區,高雄市林園區北汕路58巷2號,120.41175,22.4795,一般測站,林園,62,77,53,5.8,0.63,24
花蓮,Hualien,花東空品區,花蓮縣,花蓮市,花蓮市中正路210號,121.599769,23.971306,一般測站,花蓮,26,12,31,0.4,0.29,4.1
前金,Qianjin,高屏空品區,高雄市,前金區,高雄市前金區河南二路196號,120.288086,22.632567,一般測站,前金,90,147,42,2.1,0.68,19
前鎮,Qianzhen,高屏空品區,高雄市,前鎮區,高雄市前鎮區中山三路43號,120.307564,22.605386,工業測站,前鎮,74,104,43,2.6,0.73,23
南投,Nantou,中部空品區,南投縣,南投市,南投市南陽路269號,120.685306,23.913,一般測站,南投,60,63,39,2.2,0.58,19
屏東,Pingtung,高屏空品區,屏東縣,屏東市,屏東市蘇州街75號,120.488033,22.673081,一般測站,屏東,66,97,48,3.6,0.61,15
恆春,Hengchun,高屏空品區,屏東縣,恆春鎮,屏東縣恆春鎮公園路44號,120.788928,21.958069,一般測站,恆春,35,19,42,0.9,0.15,0.5
美濃,Meinong,高屏空品區,高雄市,美濃區,高雄市美濃區中壇里忠孝路19號,120.530542,22.883583,一般測站,美濃,62,68,38,1.3,0.47,7.8
苗栗,Miaoli,竹苗空品區,苗栗縣,苗栗市,苗栗市縣府路100號,120.8202,24.565269,一般測站,苗栗,67,84,30,2.8,0.5,17
埔里,Puli,中部空品區,南投縣,埔里鎮,南投縣埔里鎮西安路一段193號,120.967903,23.968842,其它測站,埔里,51,38,41,2,0.44,11
桃園,Taoyuan,北部空品區,桃園市,桃園區,桃園市桃園區成功路二段144號,121.319964,24.994789,一般測站,桃園,52,66,29,2.4,0.52,16
基隆,Keelung,北部空品區,基隆市,信義區,基隆市東信路324號,121.760056,25.129167,一般測站,基隆,45,59,29,7.5,0.36,15
崙背,Lunbei,雲嘉南空品區,雲林縣,崙背鄉,雲林縣崙背鄉南陽村大成路91號,120.348742,23.757547,一般測站,崙背,58,80,28,8.4,0.55,18
淡水,Tamsui,北部空品區,新北市,淡水區,新北市淡水區中正東路42巷6號,121.449239,25.1645,一般測站,淡水,63,87,36,2.3,0.44,11
麥寮,Mailiao,雲嘉南空品區,雲林縣,麥寮鄉,雲林縣麥寮鄉中興路115號,120.251825,23.753506,工業測站,麥寮,72,96,43,2.6,0.33,8.1
善化,Shanhua,雲嘉南空品區,臺南市,善化區,臺南市善化區益名寮60號,120.297142,23.115097,一般測站,善化,78,98,30,2.4,0.47,16
復興,Fuxing,高屏空品區,高雄市,前鎮區,高雄市前鎮區民權二路331號,120.312017,22.608711,交通測站,復興,90,137,40,2.3,1,27
湖口,Hukou,竹苗空品區,新竹縣,湖口鄉,新竹縣湖口鄉成功路360號,121.038653,24.900142,一般測站,湖口,59,69,40,2.5,0.4,7.8
菜寮,Cailiao,北部空品區,新北市,三重區,新北市三重區中正北路163號,121.481028,25.06895,一般測站,菜寮,63,86,26,2.4,0.48,10
陽明,Yangming,北部空品區,臺北市,北投區,臺北市北投區竹子湖路111號,121.529583,25.182722,公園測站,陽明,25,34,30,3.2,0.42,9.8
新竹,Hsinchu,竹苗空品區,新竹市,東區,新竹市民族路33號,120.972075,24.805619,一般測站,新竹,62,82,28,2.5,0.53,18
新店,Xindian,北部空品區,新北市,新店區,新北市新店區民族路108號,121.537778,24.977222,一般測站,新店,45,93,22,2,0.68,23
新莊,Xinzhuang,北部空品區,新北市,新莊區,新北市新莊區中正路510號,121.4325,25.037972,一般測站,新莊,62,84,32,2.9,1.92,15
新港,Xingang,雲嘉南空品區,嘉義縣,新港鄉,嘉義縣新港鄉登雲路105號,120.345531,23.554839,一般測站,新港,68,69,34,6.3,0.55,17
新營,Xinying,雲嘉南空品區,臺南市,新營區,臺南市新營區中正路4號,120.31725,23.305633,一般測站,新營,76,95,36,2.3,0.46,14
楠梓,Nanzi,高屏空品區,高雄市,楠梓區,高雄市楠梓區楠梓路262號,120.328289,22.733667,一般測站,楠梓,84,132,39,2.5,0.65,19
萬里,Wanli,北部空品區,新北市,萬里區,新北市萬里區瑪鋉路221號,121.689881,25.179667,一般測站,萬里,49,75,38,2.8,0.36,8.7
萬華,Wanhua,北部空品區,臺北市,萬華區,臺北市萬華區中華路1段66號,121.507972,25.046503,一般測站,萬華,45,59,24,1.8,0.72,23
嘉義,Chiayi,雲嘉南空品區,嘉義市,西區,嘉義市西區新民路580號,120.440833,23.462778,一般測站,嘉義,71,81,33,7.4,0.55,17
彰化,Changhua,中部空品區,彰化縣,彰化市,彰化縣彰化市文心街55號,120.541519,24.066,一般測站,彰化,54,69,32,2.7,0.57,16
臺西,Taixi,雲嘉南空品區,雲林縣,臺西鄉,雲林縣臺西鄉五港路505號,120.202842,23.717533,工業測站,臺西,57,55,46,1.9,0.31,6.1
臺東,Taitung,花東空品區,臺東縣,臺東市,臺東市中山路276號,121.15045,22.755358,一般測站,臺東,20,5,24,1.3,0.34,6.4
臺南,Tainan,雲嘉南空品區,臺南市,中西區,臺南市中西區南寧街45號,120.202617,22.984581,一般測站,臺南,74,85,26,4.2,0.71,19
鳳山,Fengshan,高屏空品區,高雄市,鳳山區,高雄市鳳山區曹公路6號,120.358083,22.627392,交通測站,鳳山,96,167,40,2.9,0.91,27
潮州,Chaozhou,高屏空品區,屏東縣,潮州鎮,屏東縣潮州鎮九塊里復興路66號,120.561175,22.523108,一般測站,潮州,74,112,69,2.9,0.59,14
線西,Xianxi,中部空品區,彰化縣,線西鄉,彰化縣線西鄉寓埔村中央路二段145號,120.469061,24.131672,工業測站,線西,57,64,39,3.7,0.41,13
橋頭,Qiaotou,高屏空品區,高雄市,橋頭區,高雄市橋頭區隆豐北路1號,120.305689,22.757506,背景測站,橋頭,86,124,34,2.8,0.72,21
頭份,Toufen,竹苗空品區,苗栗縣,頭份鎮,苗栗縣頭份鎮文化街20號,120.898572,24.696969,工業測站,頭份,62,70,31,3.5,0.5,15
龍潭,Longtan,北部空品區,桃園市,龍潭區,桃園市龍潭區中正路210號,121.21635,24.863869,一般測站,龍潭,67,86,24,2.6,0.66,19
豐原,Fengyuan,中部空品區,臺中市,豐原區,臺中市豐原區水源路150號,120.741711,24.256586,一般測站,豐原,36,42,34,2.5,0.37,8.6
關山,Guanshan,花東空品區,臺東縣,關山鎮,臺東縣關山鎮自強路66號,121.161933,23.045083,其它測站,關山,24,13,29,1.2,0,2.9
觀音,Guanyin,北部空品區,桃園市,觀音區,桃園市觀音區文化路2號,121.082761,25.035503,背景測站,觀音,58,43,42,2.5,0.38,7.2